id,firstname,lastname,email,email2,profession
100,Tera,Rozanna,Tera.Rozanna@yopmail.com,Tera.Rozanna@gmail.com,worker
101,Cathyleen,Swigart,Cathyleen.Swigart@yopmail.com,Cathyleen.Swigart@gmail.com,worker
102,Sherrie,Cath,Sherrie.Cath@yopmail.com,Sherrie.Cath@gmail.com,doctor
103,Marti,Bluh,Marti.Bluh@yopmail.com,Marti.Bluh@gmail.com,worker
104,Diena,Hieronymus,Diena.Hieronymus@yopmail.com,Diena.Hieronymus@gmail.com,developer
105,Fayre,Armanda,Fayre.Armanda@yopmail.com,Fayre.Armanda@gmail.com,police officer
106,Ariela,Chrystel,Ariela.Chrystel@yopmail.com,Ariela.Chrystel@gmail.com,police officer
107,Valeda,Philoo,Valeda.Philoo@yopmail.com,Valeda.Philoo@gmail.com,police officer
108,Codie,Melan,Codie.Melan@yopmail.com,Codie.Melan@gmail.com,doctor
109,Dede,Wittie,Dede.Wittie@yopmail.com,Dede.Wittie@gmail.com,worker
110,Rosabelle,Argus,Rosabelle.Argus@yopmail.com,Rosabelle.Argus@gmail.com,doctor
111,Ottilie,Nedrud,Ottilie.Nedrud@yopmail.com,Ottilie.Nedrud@gmail.com,firefighter
112,Esmeralda,Dituri,Esmeralda.Dituri@yopmail.com,Esmeralda.Dituri@gmail.com,developer
113,Paule,Valerio,Paule.Valerio@yopmail.com,Paule.Valerio@gmail.com,police officer
114,Krystle,Voletta,Krystle.Voletta@yopmail.com,Krystle.Voletta@gmail.com,police officer
115,Addia,Weinreb,Addia.Weinreb@yopmail.com,Addia.Weinreb@gmail.com,police officer
116,Cristabel,Jethro,Cristabel.Jethro@yopmail.com,Cristabel.Jethro@gmail.com,worker
117,Feliza,Dominy,Feliza.Dominy@yopmail.com,Feliza.Dominy@gmail.com,police officer
118,Brandise,Hepsibah,Brandise.Hepsibah@yopmail.com,Brandise.Hepsibah@gmail.com,doctor
119,Drucie,Ricki,Drucie.Ricki@yopmail.com,Drucie.Ricki@gmail.com,developer
120,Joceline,Aida,Joceline.Aida@yopmail.com,Joceline.Aida@gmail.com,police officer
121,Maye,Ursulette,Maye.Ursulette@yopmail.com,Maye.Ursulette@gmail.com,doctor
122,Tilly,Tamar,Tilly.Tamar@yopmail.com,Tilly.Tamar@gmail.com,worker
123,Giustina,Tyson,Giustina.Tyson@yopmail.com,Giustina.Tyson@gmail.com,police officer
124,Jacenta,Hedve,Jacenta.Hedve@yopmail.com,Jacenta.Hedve@gmail.com,developer
125,Bill,Tremayne,Bill.Tremayne@yopmail.com,Bill.Tremayne@gmail.com,doctor
126,Dotty,Afton,Dotty.Afton@yopmail.com,Dotty.Afton@gmail.com,firefighter
127,Isa,Joachim,Isa.Joachim@yopmail.com,Isa.Joachim@gmail.com,worker
128,Stephanie,Gerge,Stephanie.Gerge@yopmail.com,Stephanie.Gerge@gmail.com,police officer
129,Roseline,Hanshaw,Roseline.Hanshaw@yopmail.com,Roseline.Hanshaw@gmail.com,police officer
130,Flory,Brenn,Flory.Brenn@yopmail.com,Flory.Brenn@gmail.com,firefighter
131,Aaren,Publia,Aaren.Publia@yopmail.com,Aaren.Publia@gmail.com,doctor
132,Kary,Brittani,Kary.Brittani@yopmail.com,Kary.Brittani@gmail.com,doctor
133,Sheelagh,Ralfston,Sheelagh.Ralfston@yopmail.com,Sheelagh.Ralfston@gmail.com,firefighter
134,Kial,Stover,Kial.Stover@yopmail.com,Kial.Stover@gmail.com,developer
135,Kathy,Camden,Kathy.Camden@yopmail.com,Kathy.Camden@gmail.com,police officer
136,Cathie,Schlosser,Cathie.Schlosser@yopmail.com,Cathie.Schlosser@gmail.com,doctor
137,Eve,Brieta,Eve.Brieta@yopmail.com,Eve.Brieta@gmail.com,firefighter
138,Mariele,Gavrila,Mariele.Gavrila@yopmail.com,Mariele.Gavrila@gmail.com,police officer
139,Annabela,Harday,Annabela.Harday@yopmail.com,Annabela.Harday@gmail.com,worker
140,Kimmy,Merna,Kimmy.Merna@yopmail.com,Kimmy.Merna@gmail.com,worker
141,Deirdre,Hanleigh,Deirdre.Hanleigh@yopmail.com,Deirdre.Hanleigh@gmail.com,worker
142,Annabela,Saunderson,Annabela.Saunderson@yopmail.com,Annabela.Saunderson@gmail.com,worker
143,Antonietta,Adlare,Antonietta.Adlare@yopmail.com,Antonietta.Adlare@gmail.com,police officer
144,Gavrielle,LaRue,Gavrielle.LaRue@yopmail.com,Gavrielle.LaRue@gmail.com,developer
145,Norine,Estella,Norine.Estella@yopmail.com,Norine.Estella@gmail.com,doctor
146,Stephanie,Damarra,Stephanie.Damarra@yopmail.com,Stephanie.Damarra@gmail.com,developer
147,Laure,Paton,Laure.Paton@yopmail.com,Laure.Paton@gmail.com,firefighter
148,Deloria,Mata,Deloria.Mata@yopmail.com,Deloria.Mata@gmail.com,firefighter
149,Edith,Muriel,Edith.Muriel@yopmail.com,Edith.Muriel@gmail.com,developer
150,Ricky,Edvard,Ricky.Edvard@yopmail.com,Ricky.Edvard@gmail.com,police officer
151,Marita,Wenda,Marita.Wenda@yopmail.com,Marita.Wenda@gmail.com,police officer
152,Modestia,Hirsch,Modestia.Hirsch@yopmail.com,Modestia.Hirsch@gmail.com,doctor
153,Chrystel,Alisia,Chrystel.Alisia@yopmail.com,Chrystel.Alisia@gmail.com,worker
154,Louella,Mayeda,Louella.Mayeda@yopmail.com,Louella.Mayeda@gmail.com,developer
155,Modestia,Fiester,Modestia.Fiester@yopmail.com,Modestia.Fiester@gmail.com,police officer
156,Morganica,Aprile,Morganica.Aprile@yopmail.com,Morganica.Aprile@gmail.com,doctor
157,Lily,Dash,Lily.Dash@yopmail.com,Lily.Dash@gmail.com,worker
158,Jsandye,Abram,Jsandye.Abram@yopmail.com,Jsandye.Abram@gmail.com,doctor
159,Rayna,Rubie,Rayna.Rubie@yopmail.com,Rayna.Rubie@gmail.com,doctor
160,Carolina,Narton,Carolina.Narton@yopmail.com,Carolina.Narton@gmail.com,police officer
161,Beatriz,Colbert,Beatriz.Colbert@yopmail.com,Beatriz.Colbert@gmail.com,police officer
162,Darlleen,Wadell,Darlleen.Wadell@yopmail.com,Darlleen.Wadell@gmail.com,firefighter
163,Jemie,Faust,Jemie.Faust@yopmail.com,Jemie.Faust@gmail.com,police officer
164,Delilah,Carvey,Delilah.Carvey@yopmail.com,Delilah.Carvey@gmail.com,worker
165,Cam,Fontana,Cam.Fontana@yopmail.com,Cam.Fontana@gmail.com,doctor
166,Jenilee,Lilybelle,Jenilee.Lilybelle@yopmail.com,Jenilee.Lilybelle@gmail.com,firefighter
167,Lisette,Estella,Lisette.Estella@yopmail.com,Lisette.Estella@gmail.com,doctor
168,Dale,Tremayne,Dale.Tremayne@yopmail.com,Dale.Tremayne@gmail.com,doctor
169,Rayna,Ax,Rayna.Ax@yopmail.com,Rayna.Ax@gmail.com,firefighter
170,Elka,Poppy,Elka.Poppy@yopmail.com,Elka.Poppy@gmail.com,doctor
171,Hermione,Jerald,Hermione.Jerald@yopmail.com,Hermione.Jerald@gmail.com,doctor
172,Hope,Daniele,Hope.Daniele@yopmail.com,Hope.Daniele@gmail.com,firefighter
173,Kristan,Winnick,Kristan.Winnick@yopmail.com,Kristan.Winnick@gmail.com,police officer
174,Sindee,Cristi,Sindee.Cristi@yopmail.com,Sindee.Cristi@gmail.com,developer
175,Kalina,Stoller,Kalina.Stoller@yopmail.com,Kalina.Stoller@gmail.com,worker
176,Melisent,Anton,Melisent.Anton@yopmail.com,Melisent.Anton@gmail.com,developer
177,Cecile,Burch,Cecile.Burch@yopmail.com,Cecile.Burch@gmail.com,police officer
178,Kassey,Latini,Kassey.Latini@yopmail.com,Kassey.Latini@gmail.com,developer
179,Alie,Adalbert,Alie.Adalbert@yopmail.com,Alie.Adalbert@gmail.com,worker
180,Claresta,Smitt,Claresta.Smitt@yopmail.com,Claresta.Smitt@gmail.com,developer
181,Eugine,Woodberry,Eugine.Woodberry@yopmail.com,Eugine.Woodberry@gmail.com,doctor
182,Norine,Hachmin,Norine.Hachmin@yopmail.com,Norine.Hachmin@gmail.com,firefighter
183,Bettine,Peg,Bettine.Peg@yopmail.com,Bettine.Peg@gmail.com,doctor
184,Ardenia,Thomasina,Ardenia.Thomasina@yopmail.com,Ardenia.Thomasina@gmail.com,developer
185,Lolita,Gower,Lolita.Gower@yopmail.com,Lolita.Gower@gmail.com,firefighter
186,Nicoli,Suanne,Nicoli.Suanne@yopmail.com,Nicoli.Suanne@gmail.com,developer
187,June,Carolin,June.Carolin@yopmail.com,June.Carolin@gmail.com,developer
188,Bettine,Havens,Bettine.Havens@yopmail.com,Bettine.Havens@gmail.com,worker
189,Phedra,Brady,Phedra.Brady@yopmail.com,Phedra.Brady@gmail.com,doctor
190,Janis,Bonilla,Janis.Bonilla@yopmail.com,Janis.Bonilla@gmail.com,doctor
191,Amelia,Lewes,Amelia.Lewes@yopmail.com,Amelia.Lewes@gmail.com,developer
192,Corry,Kermit,Corry.Kermit@yopmail.com,Corry.Kermit@gmail.com,developer
193,Olwen,Middleton,Olwen.Middleton@yopmail.com,Olwen.Middleton@gmail.com,firefighter
194,Ebonee,Yusuk,Ebonee.Yusuk@yopmail.com,Ebonee.Yusuk@gmail.com,doctor
195,Nita,Reneta,Nita.Reneta@yopmail.com,Nita.Reneta@gmail.com,worker
196,Nollie,Hewitt,Nollie.Hewitt@yopmail.com,Nollie.Hewitt@gmail.com,doctor
197,Danika,Liebermann,Danika.Liebermann@yopmail.com,Danika.Liebermann@gmail.com,police officer
198,Chickie,Armanda,Chickie.Armanda@yopmail.com,Chickie.Armanda@gmail.com,worker
199,Rubie,Hollingsworth,Rubie.Hollingsworth@yopmail.com,Rubie.Hollingsworth@gmail.com,developer
200,Romona,Taima,Romona.Taima@yopmail.com,Romona.Taima@gmail.com,police officer
201,Regina,Nunci,Regina.Nunci@yopmail.com,Regina.Nunci@gmail.com,worker
202,Peri,Terrence,Peri.Terrence@yopmail.com,Peri.Terrence@gmail.com,doctor
203,Maud,Sharl,Maud.Sharl@yopmail.com,Maud.Sharl@gmail.com,developer
204,Elfreda,Guildroy,Elfreda.Guildroy@yopmail.com,Elfreda.Guildroy@gmail.com,police officer
205,Tori,Ehrman,Tori.Ehrman@yopmail.com,Tori.Ehrman@gmail.com,worker
206,Randa,Posner,Randa.Posner@yopmail.com,Randa.Posner@gmail.com,doctor
207,Gratia,Mintz,Gratia.Mintz@yopmail.com,Gratia.Mintz@gmail.com,police officer
208,Lizzie,Liva,Lizzie.Liva@yopmail.com,Lizzie.Liva@gmail.com,firefighter
209,Blake,Earlie,Blake.Earlie@yopmail.com,Blake.Earlie@gmail.com,firefighter
210,Carilyn,Hertzfeld,Carilyn.Hertzfeld@yopmail.com,Carilyn.Hertzfeld@gmail.com,firefighter
211,Ermengarde,Lunsford,Ermengarde.Lunsford@yopmail.com,Ermengarde.Lunsford@gmail.com,worker
212,Dianemarie,Alisia,Dianemarie.Alisia@yopmail.com,Dianemarie.Alisia@gmail.com,firefighter
213,Nanete,Barbey,Nanete.Barbey@yopmail.com,Nanete.Barbey@gmail.com,police officer
214,Heida,Fadiman,Heida.Fadiman@yopmail.com,Heida.Fadiman@gmail.com,firefighter
215,Jessamyn,Meli,Jessamyn.Meli@yopmail.com,Jessamyn.Meli@gmail.com,worker
216,Lauryn,Neva,Lauryn.Neva@yopmail.com,Lauryn.Neva@gmail.com,firefighter
217,Delilah,Geffner,Delilah.Geffner@yopmail.com,Delilah.Geffner@gmail.com,developer
218,Cristine,Breed,Cristine.Breed@yopmail.com,Cristine.Breed@gmail.com,worker
219,Cassandra,Madox,Cassandra.Madox@yopmail.com,Cassandra.Madox@gmail.com,firefighter
220,Liana,Chabot,Liana.Chabot@yopmail.com,Liana.Chabot@gmail.com,developer
221,Kenna,Corilla,Kenna.Corilla@yopmail.com,Kenna.Corilla@gmail.com,developer
222,Fredericka,Bow,Fredericka.Bow@yopmail.com,Fredericka.Bow@gmail.com,police officer
223,Desirae,Bebe,Desirae.Bebe@yopmail.com,Desirae.Bebe@gmail.com,firefighter
224,Halette,Ethban,Halette.Ethban@yopmail.com,Halette.Ethban@gmail.com,police officer
225,Cyb,Gilmour,Cyb.Gilmour@yopmail.com,Cyb.Gilmour@gmail.com,developer
226,Sybille,Orpah,Sybille.Orpah@yopmail.com,Sybille.Orpah@gmail.com,firefighter
227,Angelique,Bettine,Angelique.Bettine@yopmail.com,Angelique.Bettine@gmail.com,police officer
228,Tomasina,Nikaniki,Tomasina.Nikaniki@yopmail.com,Tomasina.Nikaniki@gmail.com,doctor
229,Randa,Colleen,Randa.Colleen@yopmail.com,Randa.Colleen@gmail.com,police officer
230,Beverley,Bow,Beverley.Bow@yopmail.com,Beverley.Bow@gmail.com,firefighter
231,Madalyn,Marlie,Madalyn.Marlie@yopmail.com,Madalyn.Marlie@gmail.com,worker
232,Joleen,Maisey,Joleen.Maisey@yopmail.com,Joleen.Maisey@gmail.com,worker
233,Vevay,Urania,Vevay.Urania@yopmail.com,Vevay.Urania@gmail.com,police officer
234,Edith,Fiann,Edith.Fiann@yopmail.com,Edith.Fiann@gmail.com,firefighter
235,Paule,Ezar,Paule.Ezar@yopmail.com,Paule.Ezar@gmail.com,doctor
236,Beth,Vastah,Beth.Vastah@yopmail.com,Beth.Vastah@gmail.com,police officer
237,Emmey,Salchunas,Emmey.Salchunas@yopmail.com,Emmey.Salchunas@gmail.com,worker
238,Tami,Wilona,Tami.Wilona@yopmail.com,Tami.Wilona@gmail.com,firefighter
239,Ellette,Mike,Ellette.Mike@yopmail.com,Ellette.Mike@gmail.com,doctor
240,Brandise,Sadowski,Brandise.Sadowski@yopmail.com,Brandise.Sadowski@gmail.com,developer
241,Rayna,Oneida,Rayna.Oneida@yopmail.com,Rayna.Oneida@gmail.com,firefighter
242,Patricia,Ludewig,Patricia.Ludewig@yopmail.com,Patricia.Ludewig@gmail.com,worker
243,Veda,Braun,Veda.Braun@yopmail.com,Veda.Braun@gmail.com,firefighter
244,Myriam,Felizio,Myriam.Felizio@yopmail.com,Myriam.Felizio@gmail.com,police officer
245,Rhea,Riva,Rhea.Riva@yopmail.com,Rhea.Riva@gmail.com,doctor
246,Lulita,Rosalba,Lulita.Rosalba@yopmail.com,Lulita.Rosalba@gmail.com,worker
247,Sherrie,Alva,Sherrie.Alva@yopmail.com,Sherrie.Alva@gmail.com,developer
248,Gerrie,Curren,Gerrie.Curren@yopmail.com,Gerrie.Curren@gmail.com,doctor
249,Morganica,Germann,Morganica.Germann@yopmail.com,Morganica.Germann@gmail.com,police officer
250,Leona,Aida,Leona.Aida@yopmail.com,Leona.Aida@gmail.com,worker
251,Merrie,Zitvaa,Merrie.Zitvaa@yopmail.com,Merrie.Zitvaa@gmail.com,worker
252,Andeee,Publia,Andeee.Publia@yopmail.com,Andeee.Publia@gmail.com,worker
253,Theodora,Alexandr,Theodora.Alexandr@yopmail.com,Theodora.Alexandr@gmail.com,doctor
254,Annice,Loring,Annice.Loring@yopmail.com,Annice.Loring@gmail.com,developer
255,Flory,Gibbeon,Flory.Gibbeon@yopmail.com,Flory.Gibbeon@gmail.com,worker
256,Clementine,Georas,Clementine.Georas@yopmail.com,Clementine.Georas@gmail.com,police officer
257,Roz,Kaja,Roz.Kaja@yopmail.com,Roz.Kaja@gmail.com,police officer
258,Florie,Lalitta,Florie.Lalitta@yopmail.com,Florie.Lalitta@gmail.com,firefighter
259,Kara-Lynn,Parsaye,Kara-Lynn.Parsaye@yopmail.com,Kara-Lynn.Parsaye@gmail.com,doctor
260,Gwenneth,Pascia,Gwenneth.Pascia@yopmail.com,Gwenneth.Pascia@gmail.com,developer
261,Sam,Hewitt,Sam.Hewitt@yopmail.com,Sam.Hewitt@gmail.com,worker
262,Rosabelle,Carey,Rosabelle.Carey@yopmail.com,Rosabelle.Carey@gmail.com,worker
263,Madeleine,Reidar,Madeleine.Reidar@yopmail.com,Madeleine.Reidar@gmail.com,doctor
264,Violet,Zola,Violet.Zola@yopmail.com,Violet.Zola@gmail.com,developer
265,Charmaine,Alwin,Charmaine.Alwin@yopmail.com,Charmaine.Alwin@gmail.com,doctor
266,Wynne,Herrera,Wynne.Herrera@yopmail.com,Wynne.Herrera@gmail.com,developer
267,Jemie,Sundin,Jemie.Sundin@yopmail.com,Jemie.Sundin@gmail.com,worker
268,Aeriela,Abernon,Aeriela.Abernon@yopmail.com,Aeriela.Abernon@gmail.com,firefighter
269,Chere,Alcott,Chere.Alcott@yopmail.com,Chere.Alcott@gmail.com,police officer
270,Brana,Nerita,Brana.Nerita@yopmail.com,Brana.Nerita@gmail.com,doctor
271,Trudie,Sharl,Trudie.Sharl@yopmail.com,Trudie.Sharl@gmail.com,firefighter
272,Neila,Riva,Neila.Riva@yopmail.com,Neila.Riva@gmail.com,police officer
273,Diena,Goldina,Diena.Goldina@yopmail.com,Diena.Goldina@gmail.com,police officer
274,Therine,Martguerita,Therine.Martguerita@yopmail.com,Therine.Martguerita@gmail.com,worker
275,Nelle,Nea,Nelle.Nea@yopmail.com,Nelle.Nea@gmail.com,worker
276,Wendi,Egbert,Wendi.Egbert@yopmail.com,Wendi.Egbert@gmail.com,doctor
277,Bobbi,Regan,Bobbi.Regan@yopmail.com,Bobbi.Regan@gmail.com,firefighter
278,Tybie,Alrich,Tybie.Alrich@yopmail.com,Tybie.Alrich@gmail.com,doctor
279,Rozele,Westphal,Rozele.Westphal@yopmail.com,Rozele.Westphal@gmail.com,police officer
280,Mathilda,Weitman,Mathilda.Weitman@yopmail.com,Mathilda.Weitman@gmail.com,police officer
281,Modestia,Adalbert,Modestia.Adalbert@yopmail.com,Modestia.Adalbert@gmail.com,worker
282,Angela,Adamsen,Angela.Adamsen@yopmail.com,Angela.Adamsen@gmail.com,doctor
283,Berta,Cath,Berta.Cath@yopmail.com,Berta.Cath@gmail.com,developer
284,Elena,Ambrosia,Elena.Ambrosia@yopmail.com,Elena.Ambrosia@gmail.com,worker
285,Alia,Grayce,Alia.Grayce@yopmail.com,Alia.Grayce@gmail.com,firefighter
286,Keelia,Goddard,Keelia.Goddard@yopmail.com,Keelia.Goddard@gmail.com,firefighter
287,Shirlee,Alabaster,Shirlee.Alabaster@yopmail.com,Shirlee.Alabaster@gmail.com,firefighter
288,Sophia,Scammon,Sophia.Scammon@yopmail.com,Sophia.Scammon@gmail.com,firefighter
289,Cissiee,Diann,Cissiee.Diann@yopmail.com,Cissiee.Diann@gmail.com,police officer
290,Jerry,Colyer,Jerry.Colyer@yopmail.com,Jerry.Colyer@gmail.com,police officer
291,Katleen,Sperling,Katleen.Sperling@yopmail.com,Katleen.Sperling@gmail.com,police officer
292,Cassondra,Boehike,Cassondra.Boehike@yopmail.com,Cassondra.Boehike@gmail.com,doctor
293,Odessa,Gilmour,Odessa.Gilmour@yopmail.com,Odessa.Gilmour@gmail.com,developer
294,Glynnis,Laurianne,Glynnis.Laurianne@yopmail.com,Glynnis.Laurianne@gmail.com,police officer
295,Brianna,Ingra,Brianna.Ingra@yopmail.com,Brianna.Ingra@gmail.com,worker
296,Dacia,Sisile,Dacia.Sisile@yopmail.com,Dacia.Sisile@gmail.com,doctor
297,Florie,Elisha,Florie.Elisha@yopmail.com,Florie.Elisha@gmail.com,developer
298,Michaelina,Thornburg,Michaelina.Thornburg@yopmail.com,Michaelina.Thornburg@gmail.com,worker
299,Joleen,Kirstin,Joleen.Kirstin@yopmail.com,Joleen.Kirstin@gmail.com,firefighter
300,Albertina,Taam,Albertina.Taam@yopmail.com,Albertina.Taam@gmail.com,developer
301,Selma,Kevon,Selma.Kevon@yopmail.com,Selma.Kevon@gmail.com,developer
302,Ann-Marie,Faria,Ann-Marie.Faria@yopmail.com,Ann-Marie.Faria@gmail.com,firefighter
303,Kayla,Atonsah,Kayla.Atonsah@yopmail.com,Kayla.Atonsah@gmail.com,police officer
304,Jere,Grobe,Jere.Grobe@yopmail.com,Jere.Grobe@gmail.com,developer
305,Layla,Brenn,Layla.Brenn@yopmail.com,Layla.Brenn@gmail.com,firefighter
306,Liana,Kannry,Liana.Kannry@yopmail.com,Liana.Kannry@gmail.com,firefighter
307,Dominga,Lissi,Dominga.Lissi@yopmail.com,Dominga.Lissi@gmail.com,developer
308,Adele,Seligman,Adele.Seligman@yopmail.com,Adele.Seligman@gmail.com,worker
309,Codie,Henebry,Codie.Henebry@yopmail.com,Codie.Henebry@gmail.com,firefighter
310,Caressa,Dash,Caressa.Dash@yopmail.com,Caressa.Dash@gmail.com,doctor
311,Inga,Kress,Inga.Kress@yopmail.com,Inga.Kress@gmail.com,developer
312,Sharlene,Kare,Sharlene.Kare@yopmail.com,Sharlene.Kare@gmail.com,doctor
313,Fernande,Auberbach,Fernande.Auberbach@yopmail.com,Fernande.Auberbach@gmail.com,doctor
314,Joceline,Brian,Joceline.Brian@yopmail.com,Joceline.Brian@gmail.com,developer
315,Danika,Leopold,Danika.Leopold@yopmail.com,Danika.Leopold@gmail.com,worker
316,Monika,Fiester,Monika.Fiester@yopmail.com,Monika.Fiester@gmail.com,firefighter
317,Frances,Aloise,Frances.Aloise@yopmail.com,Frances.Aloise@gmail.com,doctor
318,Consuela,Ruvolo,Consuela.Ruvolo@yopmail.com,Consuela.Ruvolo@gmail.com,firefighter
319,Shel,Lilas,Shel.Lilas@yopmail.com,Shel.Lilas@gmail.com,firefighter
320,Mary,Soneson,Mary.Soneson@yopmail.com,Mary.Soneson@gmail.com,police officer
321,Katleen,Seagraves,Katleen.Seagraves@yopmail.com,Katleen.Seagraves@gmail.com,firefighter
322,Elie,Tarrant,Elie.Tarrant@yopmail.com,Elie.Tarrant@gmail.com,doctor
323,Maridel,Anselmi,Maridel.Anselmi@yopmail.com,Maridel.Anselmi@gmail.com,worker
324,Joeann,Monk,Joeann.Monk@yopmail.com,Joeann.Monk@gmail.com,police officer
325,Kara-Lynn,Vittoria,Kara-Lynn.Vittoria@yopmail.com,Kara-Lynn.Vittoria@gmail.com,doctor
326,Ada,Catie,Ada.Catie@yopmail.com,Ada.Catie@gmail.com,police officer
327,Roslyn,Baudin,Roslyn.Baudin@yopmail.com,Roslyn.Baudin@gmail.com,worker
328,Moyna,Martsen,Moyna.Martsen@yopmail.com,Moyna.Martsen@gmail.com,developer
329,Tamqrah,Rosemary,Tamqrah.Rosemary@yopmail.com,Tamqrah.Rosemary@gmail.com,developer
330,Tarra,Tillford,Tarra.Tillford@yopmail.com,Tarra.Tillford@gmail.com,doctor
331,Minda,Wattenberg,Minda.Wattenberg@yopmail.com,Minda.Wattenberg@gmail.com,firefighter
332,Melina,Kauppi,Melina.Kauppi@yopmail.com,Melina.Kauppi@gmail.com,doctor
333,Rani,Reidar,Rani.Reidar@yopmail.com,Rani.Reidar@gmail.com,police officer
334,Molli,Caitlin,Molli.Caitlin@yopmail.com,Molli.Caitlin@gmail.com,developer
335,Michaelina,Heidt,Michaelina.Heidt@yopmail.com,Michaelina.Heidt@gmail.com,firefighter
336,Rosanne,Erskine,Rosanne.Erskine@yopmail.com,Rosanne.Erskine@gmail.com,worker
337,Dede,Modie,Dede.Modie@yopmail.com,Dede.Modie@gmail.com,developer
338,Pierette,Mott,Pierette.Mott@yopmail.com,Pierette.Mott@gmail.com,police officer
339,Anica,Chesna,Anica.Chesna@yopmail.com,Anica.Chesna@gmail.com,doctor
340,Alleen,Hirsch,Alleen.Hirsch@yopmail.com,Alleen.Hirsch@gmail.com,doctor
341,Glenda,Astra,Glenda.Astra@yopmail.com,Glenda.Astra@gmail.com,firefighter
342,Collen,Fink,Collen.Fink@yopmail.com,Collen.Fink@gmail.com,worker
343,Valli,Read,Valli.Read@yopmail.com,Valli.Read@gmail.com,developer
344,Leona,Buttaro,Leona.Buttaro@yopmail.com,Leona.Buttaro@gmail.com,worker
345,Ivett,Abbot,Ivett.Abbot@yopmail.com,Ivett.Abbot@gmail.com,developer
346,Zondra,Trace,Zondra.Trace@yopmail.com,Zondra.Trace@gmail.com,firefighter
347,Feliza,Federica,Feliza.Federica@yopmail.com,Feliza.Federica@gmail.com,firefighter
348,Ruthe,Nikaniki,Ruthe.Nikaniki@yopmail.com,Ruthe.Nikaniki@gmail.com,worker
349,Bernie,Gunn,Bernie.Gunn@yopmail.com,Bernie.Gunn@gmail.com,police officer
350,Adriana,Schroth,Adriana.Schroth@yopmail.com,Adriana.Schroth@gmail.com,worker
351,Jinny,Eldrid,Jinny.Eldrid@yopmail.com,Jinny.Eldrid@gmail.com,doctor
352,Ethel,Terrence,Ethel.Terrence@yopmail.com,Ethel.Terrence@gmail.com,developer
353,Merry,Dimitris,Merry.Dimitris@yopmail.com,Merry.Dimitris@gmail.com,developer
354,Bee,Douglass,Bee.Douglass@yopmail.com,Bee.Douglass@gmail.com,firefighter
355,Hollie,Fontana,Hollie.Fontana@yopmail.com,Hollie.Fontana@gmail.com,developer
356,Charissa,Larochelle,Charissa.Larochelle@yopmail.com,Charissa.Larochelle@gmail.com,firefighter
357,Iseabal,Tamar,Iseabal.Tamar@yopmail.com,Iseabal.Tamar@gmail.com,developer
358,Alleen,Alva,Alleen.Alva@yopmail.com,Alleen.Alva@gmail.com,firefighter
359,Audrie,Astra,Audrie.Astra@yopmail.com,Audrie.Astra@gmail.com,developer
360,Allis,Glovsky,Allis.Glovsky@yopmail.com,Allis.Glovsky@gmail.com,worker
361,Brana,Flita,Brana.Flita@yopmail.com,Brana.Flita@gmail.com,firefighter
362,Yolane,Buttaro,Yolane.Buttaro@yopmail.com,Yolane.Buttaro@gmail.com,doctor
363,Brianna,Rona,Brianna.Rona@yopmail.com,Brianna.Rona@gmail.com,firefighter
364,Katharina,Francene,Katharina.Francene@yopmail.com,Katharina.Francene@gmail.com,firefighter
365,Deedee,Jotham,Deedee.Jotham@yopmail.com,Deedee.Jotham@gmail.com,developer
366,Addia,Latini,Addia.Latini@yopmail.com,Addia.Latini@gmail.com,worker
367,Oona,Lucienne,Oona.Lucienne@yopmail.com,Oona.Lucienne@gmail.com,developer
368,Keelia,Giule,Keelia.Giule@yopmail.com,Keelia.Giule@gmail.com,developer
369,Mellicent,Travax,Mellicent.Travax@yopmail.com,Mellicent.Travax@gmail.com,worker
370,Laure,Alwin,Laure.Alwin@yopmail.com,Laure.Alwin@gmail.com,doctor
371,Dulcinea,Margarete,Dulcinea.Margarete@yopmail.com,Dulcinea.Margarete@gmail.com,worker
372,Edee,Thema,Edee.Thema@yopmail.com,Edee.Thema@gmail.com,worker
373,Babita,Corrine,Babita.Corrine@yopmail.com,Babita.Corrine@gmail.com,developer
374,Adele,Hortensia,Adele.Hortensia@yopmail.com,Adele.Hortensia@gmail.com,worker
375,Ricky,Prouty,Ricky.Prouty@yopmail.com,Ricky.Prouty@gmail.com,police officer
376,Lorne,Daveta,Lorne.Daveta@yopmail.com,Lorne.Daveta@gmail.com,firefighter
377,Dania,Manolo,Dania.Manolo@yopmail.com,Dania.Manolo@gmail.com,firefighter
378,Jorry,Kravits,Jorry.Kravits@yopmail.com,Jorry.Kravits@gmail.com,firefighter
379,Vere,Boehike,Vere.Boehike@yopmail.com,Vere.Boehike@gmail.com,firefighter
380,Sallie,Halla,Sallie.Halla@yopmail.com,Sallie.Halla@gmail.com,worker
381,Margalo,Lamoree,Margalo.Lamoree@yopmail.com,Margalo.Lamoree@gmail.com,worker
382,Rhoda,Ardeha,Rhoda.Ardeha@yopmail.com,Rhoda.Ardeha@gmail.com,police officer
383,Louella,Latini,Louella.Latini@yopmail.com,Louella.Latini@gmail.com,doctor
384,Nataline,Yuille,Nataline.Yuille@yopmail.com,Nataline.Yuille@gmail.com,police officer
385,Marjie,Himelman,Marjie.Himelman@yopmail.com,Marjie.Himelman@gmail.com,firefighter
386,Fanny,Erlandson,Fanny.Erlandson@yopmail.com,Fanny.Erlandson@gmail.com,firefighter
387,Roz,Joseph,Roz.Joseph@yopmail.com,Roz.Joseph@gmail.com,police officer
388,Shandie,Delacourt,Shandie.Delacourt@yopmail.com,Shandie.Delacourt@gmail.com,firefighter
389,Darci,Ulphia,Darci.Ulphia@yopmail.com,Darci.Ulphia@gmail.com,firefighter
390,Daphne,Jary,Daphne.Jary@yopmail.com,Daphne.Jary@gmail.com,police officer
391,Oralee,Georas,Oralee.Georas@yopmail.com,Oralee.Georas@gmail.com,developer
392,Tybie,Bollay,Tybie.Bollay@yopmail.com,Tybie.Bollay@gmail.com,worker
393,Rubie,Diogenes,Rubie.Diogenes@yopmail.com,Rubie.Diogenes@gmail.com,firefighter
394,Pollyanna,Fiester,Pollyanna.Fiester@yopmail.com,Pollyanna.Fiester@gmail.com,police officer
395,Constance,Anastatius,Constance.Anastatius@yopmail.com,Constance.Anastatius@gmail.com,police officer
396,Camile,Ethban,Camile.Ethban@yopmail.com,Camile.Ethban@gmail.com,police officer
397,Suzette,Lalitta,Suzette.Lalitta@yopmail.com,Suzette.Lalitta@gmail.com,doctor
398,Helsa,Stoller,Helsa.Stoller@yopmail.com,Helsa.Stoller@gmail.com,developer
399,Thalia,Posner,Thalia.Posner@yopmail.com,Thalia.Posner@gmail.com,doctor
400,Marleah,Saint,Marleah.Saint@yopmail.com,Marleah.Saint@gmail.com,doctor
401,Queenie,Brunell,Queenie.Brunell@yopmail.com,Queenie.Brunell@gmail.com,police officer
402,Louella,Ventre,Louella.Ventre@yopmail.com,Louella.Ventre@gmail.com,worker
403,Dyann,Burch,Dyann.Burch@yopmail.com,Dyann.Burch@gmail.com,developer
404,Heddie,Raul,Heddie.Raul@yopmail.com,Heddie.Raul@gmail.com,worker
405,Caressa,Love,Caressa.Love@yopmail.com,Caressa.Love@gmail.com,worker
406,Caritta,Saint,Caritta.Saint@yopmail.com,Caritta.Saint@gmail.com,firefighter
407,Paulita,Cosenza,Paulita.Cosenza@yopmail.com,Paulita.Cosenza@gmail.com,firefighter
408,Christal,Robertson,Christal.Robertson@yopmail.com,Christal.Robertson@gmail.com,developer
409,Aurore,Greyson,Aurore.Greyson@yopmail.com,Aurore.Greyson@gmail.com,worker
410,Allyce,Meter,Allyce.Meter@yopmail.com,Allyce.Meter@gmail.com,police officer
411,Zia,McNully,Zia.McNully@yopmail.com,Zia.McNully@gmail.com,worker
412,Janeczka,Phi,Janeczka.Phi@yopmail.com,Janeczka.Phi@gmail.com,firefighter
413,Marcy,Adrienne,Marcy.Adrienne@yopmail.com,Marcy.Adrienne@gmail.com,worker
414,Ekaterina,Bord,Ekaterina.Bord@yopmail.com,Ekaterina.Bord@gmail.com,developer
415,Lorne,Vastah,Lorne.Vastah@yopmail.com,Lorne.Vastah@gmail.com,developer
416,Madeleine,Louanna,Madeleine.Louanna@yopmail.com,Madeleine.Louanna@gmail.com,police officer
417,Sheelagh,Harl,Sheelagh.Harl@yopmail.com,Sheelagh.Harl@gmail.com,doctor
418,Morganica,Dielu,Morganica.Dielu@yopmail.com,Morganica.Dielu@gmail.com,firefighter
419,Janenna,Jotham,Janenna.Jotham@yopmail.com,Janenna.Jotham@gmail.com,police officer
420,Ermengarde,Baptlsta,Ermengarde.Baptlsta@yopmail.com,Ermengarde.Baptlsta@gmail.com,firefighter
421,Shaylyn,Rhu,Shaylyn.Rhu@yopmail.com,Shaylyn.Rhu@gmail.com,firefighter
422,Kristan,Aprile,Kristan.Aprile@yopmail.com,Kristan.Aprile@gmail.com,police officer
423,Daune,Middleton,Daune.Middleton@yopmail.com,Daune.Middleton@gmail.com,doctor
424,Shel,Miru,Shel.Miru@yopmail.com,Shel.Miru@gmail.com,firefighter
425,Elsie,Emanuel,Elsie.Emanuel@yopmail.com,Elsie.Emanuel@gmail.com,police officer
426,Corina,Peti,Corina.Peti@yopmail.com,Corina.Peti@gmail.com,firefighter
427,Kimmy,Kimmie,Kimmy.Kimmie@yopmail.com,Kimmy.Kimmie@gmail.com,worker
428,Morganica,Viddah,Morganica.Viddah@yopmail.com,Morganica.Viddah@gmail.com,worker
429,Kelly,Lesley,Kelly.Lesley@yopmail.com,Kelly.Lesley@gmail.com,doctor
430,Winny,Edee,Winny.Edee@yopmail.com,Winny.Edee@gmail.com,developer
431,Konstance,Narton,Konstance.Narton@yopmail.com,Konstance.Narton@gmail.com,doctor
432,Kimberley,Sacken,Kimberley.Sacken@yopmail.com,Kimberley.Sacken@gmail.com,developer
433,Ernesta,Harriman,Ernesta.Harriman@yopmail.com,Ernesta.Harriman@gmail.com,worker
434,Sissy,Swanhildas,Sissy.Swanhildas@yopmail.com,Sissy.Swanhildas@gmail.com,firefighter
435,Carlie,Mintz,Carlie.Mintz@yopmail.com,Carlie.Mintz@gmail.com,developer
436,Anestassia,Lilybelle,Anestassia.Lilybelle@yopmail.com,Anestassia.Lilybelle@gmail.com,doctor
437,Leia,Tippets,Leia.Tippets@yopmail.com,Leia.Tippets@gmail.com,worker
438,Blinni,Fontana,Blinni.Fontana@yopmail.com,Blinni.Fontana@gmail.com,developer
439,Demetris,Faria,Demetris.Faria@yopmail.com,Demetris.Faria@gmail.com,firefighter
440,Nadine,Mott,Nadine.Mott@yopmail.com,Nadine.Mott@gmail.com,doctor
441,Natka,My,Natka.My@yopmail.com,Natka.My@gmail.com,firefighter
442,Dennie,Bow,Dennie.Bow@yopmail.com,Dennie.Bow@gmail.com,doctor
443,Merle,Clara,Merle.Clara@yopmail.com,Merle.Clara@gmail.com,doctor
444,Tatiania,Seumas,Tatiania.Seumas@yopmail.com,Tatiania.Seumas@gmail.com,developer
445,Anestassia,Eno,Anestassia.Eno@yopmail.com,Anestassia.Eno@gmail.com,worker
446,Paule,Daegal,Paule.Daegal@yopmail.com,Paule.Daegal@gmail.com,doctor
447,Joceline,Cottle,Joceline.Cottle@yopmail.com,Joceline.Cottle@gmail.com,worker
448,Steffane,Berne,Steffane.Berne@yopmail.com,Steffane.Berne@gmail.com,police officer
449,Mireielle,Sheng,Mireielle.Sheng@yopmail.com,Mireielle.Sheng@gmail.com,police officer
450,Candy,Ramona,Candy.Ramona@yopmail.com,Candy.Ramona@gmail.com,firefighter
451,Blake,Ricarda,Blake.Ricarda@yopmail.com,Blake.Ricarda@gmail.com,doctor
452,Elena,Dash,Elena.Dash@yopmail.com,Elena.Dash@gmail.com,worker
453,Jenda,Sisile,Jenda.Sisile@yopmail.com,Jenda.Sisile@gmail.com,doctor
454,Brynna,Sherrie,Brynna.Sherrie@yopmail.com,Brynna.Sherrie@gmail.com,police officer
455,Demetris,Elo,Demetris.Elo@yopmail.com,Demetris.Elo@gmail.com,worker
456,Jobi,Cristi,Jobi.Cristi@yopmail.com,Jobi.Cristi@gmail.com,worker
457,Gaylene,Masao,Gaylene.Masao@yopmail.com,Gaylene.Masao@gmail.com,doctor
458,Lauryn,Lowry,Lauryn.Lowry@yopmail.com,Lauryn.Lowry@gmail.com,developer
459,Catrina,Hieronymus,Catrina.Hieronymus@yopmail.com,Catrina.Hieronymus@gmail.com,developer
460,Kassey,Dearborn,Kassey.Dearborn@yopmail.com,Kassey.Dearborn@gmail.com,police officer
461,Taffy,Kellby,Taffy.Kellby@yopmail.com,Taffy.Kellby@gmail.com,doctor
462,Lily,Bearnard,Lily.Bearnard@yopmail.com,Lily.Bearnard@gmail.com,police officer
463,Rhea,Annabella,Rhea.Annabella@yopmail.com,Rhea.Annabella@gmail.com,developer
464,Adele,Gemini,Adele.Gemini@yopmail.com,Adele.Gemini@gmail.com,police officer
465,Blondelle,Fillbert,Blondelle.Fillbert@yopmail.com,Blondelle.Fillbert@gmail.com,firefighter
466,Jan,Schalles,Jan.Schalles@yopmail.com,Jan.Schalles@gmail.com,developer
467,Susan,Toffic,Susan.Toffic@yopmail.com,Susan.Toffic@gmail.com,worker
468,Leeanne,Keelia,Leeanne.Keelia@yopmail.com,Leeanne.Keelia@gmail.com,worker
469,Charmaine,Emerson,Charmaine.Emerson@yopmail.com,Charmaine.Emerson@gmail.com,worker
470,Ezmeralda,Garlinda,Ezmeralda.Garlinda@yopmail.com,Ezmeralda.Garlinda@gmail.com,doctor
471,Basia,Corabella,Basia.Corabella@yopmail.com,Basia.Corabella@gmail.com,worker
472,Marti,Mehalek,Marti.Mehalek@yopmail.com,Marti.Mehalek@gmail.com,firefighter
473,Lizzie,Anderea,Lizzie.Anderea@yopmail.com,Lizzie.Anderea@gmail.com,worker
474,Deedee,Clie,Deedee.Clie@yopmail.com,Deedee.Clie@gmail.com,worker
475,Emmey,Audly,Emmey.Audly@yopmail.com,Emmey.Audly@gmail.com,worker
476,Glenda,Uird,Glenda.Uird@yopmail.com,Glenda.Uird@gmail.com,developer
477,Keelia,Wadell,Keelia.Wadell@yopmail.com,Keelia.Wadell@gmail.com,developer
478,Orsola,Slifka,Orsola.Slifka@yopmail.com,Orsola.Slifka@gmail.com,doctor
479,Corry,Zola,Corry.Zola@yopmail.com,Corry.Zola@gmail.com,firefighter
480,Alleen,Elo,Alleen.Elo@yopmail.com,Alleen.Elo@gmail.com,firefighter
481,Lonnie,Maroney,Lonnie.Maroney@yopmail.com,Lonnie.Maroney@gmail.com,doctor
482,Randa,Mandler,Randa.Mandler@yopmail.com,Randa.Mandler@gmail.com,doctor
483,Stevana,Winthorpe,Stevana.Winthorpe@yopmail.com,Stevana.Winthorpe@gmail.com,firefighter
484,Jacenta,Hylan,Jacenta.Hylan@yopmail.com,Jacenta.Hylan@gmail.com,firefighter
485,Dagmar,Gamaliel,Dagmar.Gamaliel@yopmail.com,Dagmar.Gamaliel@gmail.com,police officer
486,Lila,Adrienne,Lila.Adrienne@yopmail.com,Lila.Adrienne@gmail.com,firefighter
487,Phylis,Boehike,Phylis.Boehike@yopmail.com,Phylis.Boehike@gmail.com,firefighter
488,Andree,Garlinda,Andree.Garlinda@yopmail.com,Andree.Garlinda@gmail.com,developer
489,Rubie,Syd,Rubie.Syd@yopmail.com,Rubie.Syd@gmail.com,worker
490,Wilma,Bow,Wilma.Bow@yopmail.com,Wilma.Bow@gmail.com,police officer
491,Valli,Himelman,Valli.Himelman@yopmail.com,Valli.Himelman@gmail.com,firefighter
492,Vevay,Shields,Vevay.Shields@yopmail.com,Vevay.Shields@gmail.com,developer
493,Elmira,Dyche,Elmira.Dyche@yopmail.com,Elmira.Dyche@gmail.com,worker
494,Norine,Fredi,Norine.Fredi@yopmail.com,Norine.Fredi@gmail.com,police officer
495,Max,Ethban,Max.Ethban@yopmail.com,Max.Ethban@gmail.com,doctor
496,Hope,Martsen,Hope.Martsen@yopmail.com,Hope.Martsen@gmail.com,doctor
497,Keelia,Lissi,Keelia.Lissi@yopmail.com,Keelia.Lissi@gmail.com,worker
498,Suzette,Orelee,Suzette.Orelee@yopmail.com,Suzette.Orelee@gmail.com,doctor
499,Gloria,Elvyn,Gloria.Elvyn@yopmail.com,Gloria.Elvyn@gmail.com,doctor
500,Hannis,Jagir,Hannis.Jagir@yopmail.com,Hannis.Jagir@gmail.com,doctor
501,Tierney,Fry,Tierney.Fry@yopmail.com,Tierney.Fry@gmail.com,worker
502,Atlanta,Ajay,Atlanta.Ajay@yopmail.com,Atlanta.Ajay@gmail.com,doctor
503,Averyl,Malina,Averyl.Malina@yopmail.com,Averyl.Malina@gmail.com,police officer
504,Mireielle,Brady,Mireielle.Brady@yopmail.com,Mireielle.Brady@gmail.com,developer
505,Aimil,Voletta,Aimil.Voletta@yopmail.com,Aimil.Voletta@gmail.com,doctor
506,Roberta,Flita,Roberta.Flita@yopmail.com,Roberta.Flita@gmail.com,firefighter
507,Monika,Annabella,Monika.Annabella@yopmail.com,Monika.Annabella@gmail.com,police officer
508,Mary,Grobe,Mary.Grobe@yopmail.com,Mary.Grobe@gmail.com,developer
509,Vinita,Hurley,Vinita.Hurley@yopmail.com,Vinita.Hurley@gmail.com,firefighter
510,Yvonne,Stanwood,Yvonne.Stanwood@yopmail.com,Yvonne.Stanwood@gmail.com,worker
511,Kamilah,Eno,Kamilah.Eno@yopmail.com,Kamilah.Eno@gmail.com,police officer
512,Dolli,Whittaker,Dolli.Whittaker@yopmail.com,Dolli.Whittaker@gmail.com,worker
513,Viviene,Kannry,Viviene.Kannry@yopmail.com,Viviene.Kannry@gmail.com,worker
514,Hildegaard,Kylander,Hildegaard.Kylander@yopmail.com,Hildegaard.Kylander@gmail.com,police officer
515,Tera,Madelene,Tera.Madelene@yopmail.com,Tera.Madelene@gmail.com,developer
516,Kaja,Aprile,Kaja.Aprile@yopmail.com,Kaja.Aprile@gmail.com,worker
517,Jillayne,Oster,Jillayne.Oster@yopmail.com,Jillayne.Oster@gmail.com,worker
518,Judy,Vale,Judy.Vale@yopmail.com,Judy.Vale@gmail.com,developer
519,Theodora,Schalles,Theodora.Schalles@yopmail.com,Theodora.Schalles@gmail.com,worker
520,Calla,Eldrid,Calla.Eldrid@yopmail.com,Calla.Eldrid@gmail.com,worker
521,Maryellen,Longfellow,Maryellen.Longfellow@yopmail.com,Maryellen.Longfellow@gmail.com,firefighter
522,Devina,Margarete,Devina.Margarete@yopmail.com,Devina.Margarete@gmail.com,worker
523,Heida,Brenn,Heida.Brenn@yopmail.com,Heida.Brenn@gmail.com,developer
524,Anestassia,Tiffa,Anestassia.Tiffa@yopmail.com,Anestassia.Tiffa@gmail.com,worker
525,Britte,Levey,Britte.Levey@yopmail.com,Britte.Levey@gmail.com,firefighter
526,Steffane,Skurnik,Steffane.Skurnik@yopmail.com,Steffane.Skurnik@gmail.com,worker
527,Cacilie,Ajay,Cacilie.Ajay@yopmail.com,Cacilie.Ajay@gmail.com,firefighter
528,Pearline,Konyn,Pearline.Konyn@yopmail.com,Pearline.Konyn@gmail.com,doctor
529,Glenda,Borrell,Glenda.Borrell@yopmail.com,Glenda.Borrell@gmail.com,worker
530,Constance,Oster,Constance.Oster@yopmail.com,Constance.Oster@gmail.com,developer
531,Ninnetta,Vastah,Ninnetta.Vastah@yopmail.com,Ninnetta.Vastah@gmail.com,firefighter
532,Wanda,Birdella,Wanda.Birdella@yopmail.com,Wanda.Birdella@gmail.com,developer
533,Lilith,Dosia,Lilith.Dosia@yopmail.com,Lilith.Dosia@gmail.com,police officer
534,Joeann,Cassius,Joeann.Cassius@yopmail.com,Joeann.Cassius@gmail.com,developer
535,Candy,Seligman,Candy.Seligman@yopmail.com,Candy.Seligman@gmail.com,firefighter
536,Lily,Fontana,Lily.Fontana@yopmail.com,Lily.Fontana@gmail.com,developer
537,Maryellen,Ade,Maryellen.Ade@yopmail.com,Maryellen.Ade@gmail.com,developer
538,Rochette,Martsen,Rochette.Martsen@yopmail.com,Rochette.Martsen@gmail.com,police officer
539,Candy,Francene,Candy.Francene@yopmail.com,Candy.Francene@gmail.com,firefighter
540,Barbi,Alexandr,Barbi.Alexandr@yopmail.com,Barbi.Alexandr@gmail.com,developer
541,Rhea,Afton,Rhea.Afton@yopmail.com,Rhea.Afton@gmail.com,police officer
542,Yolane,Salchunas,Yolane.Salchunas@yopmail.com,Yolane.Salchunas@gmail.com,developer
543,Blake,Penelopa,Blake.Penelopa@yopmail.com,Blake.Penelopa@gmail.com,doctor
544,Augustine,Callista,Augustine.Callista@yopmail.com,Augustine.Callista@gmail.com,police officer
545,Mildrid,Dominy,Mildrid.Dominy@yopmail.com,Mildrid.Dominy@gmail.com,doctor
546,Elka,Cleavland,Elka.Cleavland@yopmail.com,Elka.Cleavland@gmail.com,developer
547,Mahalia,Ophelia,Mahalia.Ophelia@yopmail.com,Mahalia.Ophelia@gmail.com,worker
548,Myrtice,Ursulette,Myrtice.Ursulette@yopmail.com,Myrtice.Ursulette@gmail.com,firefighter
549,Charmaine,Jobi,Charmaine.Jobi@yopmail.com,Charmaine.Jobi@gmail.com,police officer
550,Gusella,Angelis,Gusella.Angelis@yopmail.com,Gusella.Angelis@gmail.com,developer
551,Elka,Blisse,Elka.Blisse@yopmail.com,Elka.Blisse@gmail.com,police officer
552,Stevana,Campball,Stevana.Campball@yopmail.com,Stevana.Campball@gmail.com,doctor
553,Tressa,Merat,Tressa.Merat@yopmail.com,Tressa.Merat@gmail.com,firefighter
554,Marcelline,Amand,Marcelline.Amand@yopmail.com,Marcelline.Amand@gmail.com,police officer
555,Nonnah,Bari,Nonnah.Bari@yopmail.com,Nonnah.Bari@gmail.com,developer
556,Kathi,Thilda,Kathi.Thilda@yopmail.com,Kathi.Thilda@gmail.com,doctor
557,Deedee,Kristi,Deedee.Kristi@yopmail.com,Deedee.Kristi@gmail.com,developer
558,Queenie,Mendez,Queenie.Mendez@yopmail.com,Queenie.Mendez@gmail.com,police officer
559,Elbertina,Dituri,Elbertina.Dituri@yopmail.com,Elbertina.Dituri@gmail.com,doctor
560,Margette,Leopold,Margette.Leopold@yopmail.com,Margette.Leopold@gmail.com,police officer
561,Josephine,Faust,Josephine.Faust@yopmail.com,Josephine.Faust@gmail.com,firefighter
562,Melodie,Dearborn,Melodie.Dearborn@yopmail.com,Melodie.Dearborn@gmail.com,doctor
563,Philis,Alfons,Philis.Alfons@yopmail.com,Philis.Alfons@gmail.com,worker
564,Arlena,Campball,Arlena.Campball@yopmail.com,Arlena.Campball@gmail.com,developer
565,Kirstin,Sheedy,Kirstin.Sheedy@yopmail.com,Kirstin.Sheedy@gmail.com,doctor
566,Leanna,Hieronymus,Leanna.Hieronymus@yopmail.com,Leanna.Hieronymus@gmail.com,police officer
567,Gavrielle,Alice,Gavrielle.Alice@yopmail.com,Gavrielle.Alice@gmail.com,worker
568,Merry,Fry,Merry.Fry@yopmail.com,Merry.Fry@gmail.com,doctor
569,Ruthe,Randene,Ruthe.Randene@yopmail.com,Ruthe.Randene@gmail.com,developer
570,Mellicent,Cleavland,Mellicent.Cleavland@yopmail.com,Mellicent.Cleavland@gmail.com,police officer
571,Genevra,Alice,Genevra.Alice@yopmail.com,Genevra.Alice@gmail.com,doctor
572,Frank,Dyche,Frank.Dyche@yopmail.com,Frank.Dyche@gmail.com,worker
573,Jacquetta,Dielu,Jacquetta.Dielu@yopmail.com,Jacquetta.Dielu@gmail.com,worker
574,Ruthe,Devlen,Ruthe.Devlen@yopmail.com,Ruthe.Devlen@gmail.com,firefighter
575,Gisela,Christine,Gisela.Christine@yopmail.com,Gisela.Christine@gmail.com,doctor
576,Ermengarde,Schalles,Ermengarde.Schalles@yopmail.com,Ermengarde.Schalles@gmail.com,doctor
577,Shauna,Edison,Shauna.Edison@yopmail.com,Shauna.Edison@gmail.com,doctor
578,Corina,Dalli,Corina.Dalli@yopmail.com,Corina.Dalli@gmail.com,developer
579,Ida,Eldrid,Ida.Eldrid@yopmail.com,Ida.Eldrid@gmail.com,worker
580,Meriel,Odell,Meriel.Odell@yopmail.com,Meriel.Odell@gmail.com,police officer
581,Darci,Sheng,Darci.Sheng@yopmail.com,Darci.Sheng@gmail.com,police officer
582,Jacenta,Ellerey,Jacenta.Ellerey@yopmail.com,Jacenta.Ellerey@gmail.com,doctor
583,Arlina,Pearse,Arlina.Pearse@yopmail.com,Arlina.Pearse@gmail.com,police officer
584,Almeta,Gahl,Almeta.Gahl@yopmail.com,Almeta.Gahl@gmail.com,developer
585,Jasmina,Lattie,Jasmina.Lattie@yopmail.com,Jasmina.Lattie@gmail.com,doctor
586,Kassey,Emerson,Kassey.Emerson@yopmail.com,Kassey.Emerson@gmail.com,police officer
587,Shannah,Margret,Shannah.Margret@yopmail.com,Shannah.Margret@gmail.com,developer
588,Donetta,Lorain,Donetta.Lorain@yopmail.com,Donetta.Lorain@gmail.com,worker
589,Stevana,Chinua,Stevana.Chinua@yopmail.com,Stevana.Chinua@gmail.com,developer
590,Tressa,Barney,Tressa.Barney@yopmail.com,Tressa.Barney@gmail.com,police officer
591,Aubrie,Lucienne,Aubrie.Lucienne@yopmail.com,Aubrie.Lucienne@gmail.com,doctor
592,Genovera,Pillsbury,Genovera.Pillsbury@yopmail.com,Genovera.Pillsbury@gmail.com,police officer
593,Janeczka,Paton,Janeczka.Paton@yopmail.com,Janeczka.Paton@gmail.com,police officer
594,Rivalee,Tatianas,Rivalee.Tatianas@yopmail.com,Rivalee.Tatianas@gmail.com,worker
595,Bobinette,Sundin,Bobinette.Sundin@yopmail.com,Bobinette.Sundin@gmail.com,firefighter
596,Leontine,Lay,Leontine.Lay@yopmail.com,Leontine.Lay@gmail.com,police officer
597,Constance,Mintz,Constance.Mintz@yopmail.com,Constance.Mintz@gmail.com,developer
598,Candy,Rosalba,Candy.Rosalba@yopmail.com,Candy.Rosalba@gmail.com,firefighter
599,Donnie,Dreda,Donnie.Dreda@yopmail.com,Donnie.Dreda@gmail.com,police officer
600,Tori,Stelle,Tori.Stelle@yopmail.com,Tori.Stelle@gmail.com,developer
601,Dorice,Sothena,Dorice.Sothena@yopmail.com,Dorice.Sothena@gmail.com,worker
602,Pamella,Elvyn,Pamella.Elvyn@yopmail.com,Pamella.Elvyn@gmail.com,police officer
603,Roberta,Amadas,Roberta.Amadas@yopmail.com,Roberta.Amadas@gmail.com,firefighter
604,Beatriz,Monaco,Beatriz.Monaco@yopmail.com,Beatriz.Monaco@gmail.com,firefighter
605,Farrah,Wyn,Farrah.Wyn@yopmail.com,Farrah.Wyn@gmail.com,worker
606,Roz,Olin,Roz.Olin@yopmail.com,Roz.Olin@gmail.com,firefighter
607,Dede,Hoban,Dede.Hoban@yopmail.com,Dede.Hoban@gmail.com,developer
608,Aimil,Montgomery,Aimil.Montgomery@yopmail.com,Aimil.Montgomery@gmail.com,firefighter
609,Dagmar,Fillbert,Dagmar.Fillbert@yopmail.com,Dagmar.Fillbert@gmail.com,worker
610,Evaleen,Thema,Evaleen.Thema@yopmail.com,Evaleen.Thema@gmail.com,doctor
611,Donetta,Aprile,Donetta.Aprile@yopmail.com,Donetta.Aprile@gmail.com,firefighter
612,Nonnah,Leonard,Nonnah.Leonard@yopmail.com,Nonnah.Leonard@gmail.com,worker
613,Glenda,Soneson,Glenda.Soneson@yopmail.com,Glenda.Soneson@gmail.com,police officer
614,Laurene,Dowski,Laurene.Dowski@yopmail.com,Laurene.Dowski@gmail.com,firefighter
615,Jessamyn,Tybald,Jessamyn.Tybald@yopmail.com,Jessamyn.Tybald@gmail.com,developer
616,Clarice,Screens,Clarice.Screens@yopmail.com,Clarice.Screens@gmail.com,doctor
617,Tina,Moseley,Tina.Moseley@yopmail.com,Tina.Moseley@gmail.com,doctor
618,Cordi,Nickola,Cordi.Nickola@yopmail.com,Cordi.Nickola@gmail.com,developer
619,Maridel,Santoro,Maridel.Santoro@yopmail.com,Maridel.Santoro@gmail.com,worker
620,Jenda,Faust,Jenda.Faust@yopmail.com,Jenda.Faust@gmail.com,developer
621,Melodie,Philoo,Melodie.Philoo@yopmail.com,Melodie.Philoo@gmail.com,doctor
622,Emylee,Margarete,Emylee.Margarete@yopmail.com,Emylee.Margarete@gmail.com,firefighter
623,Collen,Auberbach,Collen.Auberbach@yopmail.com,Collen.Auberbach@gmail.com,police officer
624,Candi,Ulphia,Candi.Ulphia@yopmail.com,Candi.Ulphia@gmail.com,worker
625,Elie,Ahab,Elie.Ahab@yopmail.com,Elie.Ahab@gmail.com,firefighter
626,Lynea,Kamaria,Lynea.Kamaria@yopmail.com,Lynea.Kamaria@gmail.com,firefighter
627,Clementine,Selway,Clementine.Selway@yopmail.com,Clementine.Selway@gmail.com,developer
628,Barbi,Lorenz,Barbi.Lorenz@yopmail.com,Barbi.Lorenz@gmail.com,worker
629,Mary,Cottle,Mary.Cottle@yopmail.com,Mary.Cottle@gmail.com,police officer
630,Brianna,Bandeen,Brianna.Bandeen@yopmail.com,Brianna.Bandeen@gmail.com,worker
631,Marjie,Dimitris,Marjie.Dimitris@yopmail.com,Marjie.Dimitris@gmail.com,worker
632,Gratia,Olnee,Gratia.Olnee@yopmail.com,Gratia.Olnee@gmail.com,firefighter
633,Marnia,Gert,Marnia.Gert@yopmail.com,Marnia.Gert@gmail.com,police officer
634,Deane,Pozzy,Deane.Pozzy@yopmail.com,Deane.Pozzy@gmail.com,police officer
635,Steffane,Anselmi,Steffane.Anselmi@yopmail.com,Steffane.Anselmi@gmail.com,developer
636,Jennica,Arne,Jennica.Arne@yopmail.com,Jennica.Arne@gmail.com,developer
637,Dawn,Laverne,Dawn.Laverne@yopmail.com,Dawn.Laverne@gmail.com,firefighter
638,Fidelia,Gabrielli,Fidelia.Gabrielli@yopmail.com,Fidelia.Gabrielli@gmail.com,developer
639,Kate,Andrel,Kate.Andrel@yopmail.com,Kate.Andrel@gmail.com,doctor
640,Elora,Thema,Elora.Thema@yopmail.com,Elora.Thema@gmail.com,doctor
641,Susette,Pelagias,Susette.Pelagias@yopmail.com,Susette.Pelagias@gmail.com,doctor
642,Judy,Tyson,Judy.Tyson@yopmail.com,Judy.Tyson@gmail.com,police officer
643,Di,Wandie,Di.Wandie@yopmail.com,Di.Wandie@gmail.com,police officer
644,Elmira,Fontana,Elmira.Fontana@yopmail.com,Elmira.Fontana@gmail.com,police officer
645,Tami,Sundin,Tami.Sundin@yopmail.com,Tami.Sundin@gmail.com,developer
646,Nicoli,Kermit,Nicoli.Kermit@yopmail.com,Nicoli.Kermit@gmail.com,worker
647,Collen,Lubin,Collen.Lubin@yopmail.com,Collen.Lubin@gmail.com,firefighter
648,Myrtice,Karl,Myrtice.Karl@yopmail.com,Myrtice.Karl@gmail.com,worker
649,Nonnah,Means,Nonnah.Means@yopmail.com,Nonnah.Means@gmail.com,worker
650,Desirae,Pyle,Desirae.Pyle@yopmail.com,Desirae.Pyle@gmail.com,police officer
651,Vita,Isacco,Vita.Isacco@yopmail.com,Vita.Isacco@gmail.com,firefighter
652,Susette,Freddi,Susette.Freddi@yopmail.com,Susette.Freddi@gmail.com,doctor
653,Benita,Faso,Benita.Faso@yopmail.com,Benita.Faso@gmail.com,worker
654,Eugine,Milson,Eugine.Milson@yopmail.com,Eugine.Milson@gmail.com,doctor
655,Katharina,Harl,Katharina.Harl@yopmail.com,Katharina.Harl@gmail.com,worker
656,Ivett,Demitria,Ivett.Demitria@yopmail.com,Ivett.Demitria@gmail.com,doctor
657,Tera,Pattin,Tera.Pattin@yopmail.com,Tera.Pattin@gmail.com,police officer
658,Lanna,Fiester,Lanna.Fiester@yopmail.com,Lanna.Fiester@gmail.com,developer
659,Robbi,Adore,Robbi.Adore@yopmail.com,Robbi.Adore@gmail.com,police officer
660,Selma,Gwenore,Selma.Gwenore@yopmail.com,Selma.Gwenore@gmail.com,doctor
661,Rori,Kaja,Rori.Kaja@yopmail.com,Rori.Kaja@gmail.com,worker
662,Christian,Rogerio,Christian.Rogerio@yopmail.com,Christian.Rogerio@gmail.com,firefighter
663,Amelia,Havens,Amelia.Havens@yopmail.com,Amelia.Havens@gmail.com,police officer
664,Atlanta,Pattin,Atlanta.Pattin@yopmail.com,Atlanta.Pattin@gmail.com,police officer
665,Jan,Thunell,Jan.Thunell@yopmail.com,Jan.Thunell@gmail.com,worker
666,Phedra,Mullane,Phedra.Mullane@yopmail.com,Phedra.Mullane@gmail.com,doctor
667,Frances,Neva,Frances.Neva@yopmail.com,Frances.Neva@gmail.com,developer
668,Adelle,Carmena,Adelle.Carmena@yopmail.com,Adelle.Carmena@gmail.com,developer
669,Lelah,Iphlgenia,Lelah.Iphlgenia@yopmail.com,Lelah.Iphlgenia@gmail.com,worker
670,Janey,Havens,Janey.Havens@yopmail.com,Janey.Havens@gmail.com,worker
671,Kimmy,Cassius,Kimmy.Cassius@yopmail.com,Kimmy.Cassius@gmail.com,worker
672,Elyssa,Redmond,Elyssa.Redmond@yopmail.com,Elyssa.Redmond@gmail.com,firefighter
673,Dagmar,Mathilde,Dagmar.Mathilde@yopmail.com,Dagmar.Mathilde@gmail.com,worker
674,Veda,Aaberg,Veda.Aaberg@yopmail.com,Veda.Aaberg@gmail.com,developer
675,Zondra,Miru,Zondra.Miru@yopmail.com,Zondra.Miru@gmail.com,firefighter
676,Belva,Chinua,Belva.Chinua@yopmail.com,Belva.Chinua@gmail.com,developer
677,Briney,Jobi,Briney.Jobi@yopmail.com,Briney.Jobi@gmail.com,firefighter
678,Viviene,Leopold,Viviene.Leopold@yopmail.com,Viviene.Leopold@gmail.com,doctor
679,Konstance,Westphal,Konstance.Westphal@yopmail.com,Konstance.Westphal@gmail.com,worker
680,Caressa,Forrer,Caressa.Forrer@yopmail.com,Caressa.Forrer@gmail.com,doctor
681,Rozele,Bollay,Rozele.Bollay@yopmail.com,Rozele.Bollay@gmail.com,doctor
682,Christy,Bashemeth,Christy.Bashemeth@yopmail.com,Christy.Bashemeth@gmail.com,police officer
683,Grier,Othilia,Grier.Othilia@yopmail.com,Grier.Othilia@gmail.com,doctor
684,Elise,Rillings,Elise.Rillings@yopmail.com,Elise.Rillings@gmail.com,doctor
685,Eolanda,Anestassia,Eolanda.Anestassia@yopmail.com,Eolanda.Anestassia@gmail.com,developer
686,Trudie,Craggie,Trudie.Craggie@yopmail.com,Trudie.Craggie@gmail.com,police officer
687,Ericka,Pattin,Ericka.Pattin@yopmail.com,Ericka.Pattin@gmail.com,doctor
688,Phedra,Stelle,Phedra.Stelle@yopmail.com,Phedra.Stelle@gmail.com,developer
689,Eolanda,Gordon,Eolanda.Gordon@yopmail.com,Eolanda.Gordon@gmail.com,firefighter
690,Bobinette,Poppy,Bobinette.Poppy@yopmail.com,Bobinette.Poppy@gmail.com,firefighter
691,Sindee,Wattenberg,Sindee.Wattenberg@yopmail.com,Sindee.Wattenberg@gmail.com,police officer
692,Wanda,Sammons,Wanda.Sammons@yopmail.com,Wanda.Sammons@gmail.com,worker
693,Rayna,Payson,Rayna.Payson@yopmail.com,Rayna.Payson@gmail.com,firefighter
694,Corry,Cressida,Corry.Cressida@yopmail.com,Corry.Cressida@gmail.com,developer
695,Wileen,Silvan,Wileen.Silvan@yopmail.com,Wileen.Silvan@gmail.com,developer
696,Jessy,Birdella,Jessy.Birdella@yopmail.com,Jessy.Birdella@gmail.com,developer
697,Brena,Morehouse,Brena.Morehouse@yopmail.com,Brena.Morehouse@gmail.com,worker
698,Taffy,Zola,Taffy.Zola@yopmail.com,Taffy.Zola@gmail.com,worker
699,Janey,Kunin,Janey.Kunin@yopmail.com,Janey.Kunin@gmail.com,developer
700,Tierney,Ingra,Tierney.Ingra@yopmail.com,Tierney.Ingra@gmail.com,firefighter
701,Ebonee,Zina,Ebonee.Zina@yopmail.com,Ebonee.Zina@gmail.com,firefighter
702,Josephine,Phyllis,Josephine.Phyllis@yopmail.com,Josephine.Phyllis@gmail.com,developer
703,Fred,Jehu,Fred.Jehu@yopmail.com,Fred.Jehu@gmail.com,police officer
704,Cassandra,Mehalek,Cassandra.Mehalek@yopmail.com,Cassandra.Mehalek@gmail.com,police officer
705,Barbi,Hieronymus,Barbi.Hieronymus@yopmail.com,Barbi.Hieronymus@gmail.com,doctor
706,Darlleen,Margarete,Darlleen.Margarete@yopmail.com,Darlleen.Margarete@gmail.com,doctor
707,Karly,Salchunas,Karly.Salchunas@yopmail.com,Karly.Salchunas@gmail.com,firefighter
708,Marita,Firmin,Marita.Firmin@yopmail.com,Marita.Firmin@gmail.com,police officer
709,Silvana,Leopold,Silvana.Leopold@yopmail.com,Silvana.Leopold@gmail.com,developer
710,Hermione,Howlyn,Hermione.Howlyn@yopmail.com,Hermione.Howlyn@gmail.com,developer
711,Aurelie,Manolo,Aurelie.Manolo@yopmail.com,Aurelie.Manolo@gmail.com,police officer
712,Kate,Agle,Kate.Agle@yopmail.com,Kate.Agle@gmail.com,worker
713,Addia,Liebermann,Addia.Liebermann@yopmail.com,Addia.Liebermann@gmail.com,worker
714,Carree,Cynar,Carree.Cynar@yopmail.com,Carree.Cynar@gmail.com,worker
715,Desirae,Sigfrid,Desirae.Sigfrid@yopmail.com,Desirae.Sigfrid@gmail.com,developer
716,Madeleine,Tengdin,Madeleine.Tengdin@yopmail.com,Madeleine.Tengdin@gmail.com,worker
717,Rosabelle,Xerxes,Rosabelle.Xerxes@yopmail.com,Rosabelle.Xerxes@gmail.com,police officer
718,Joleen,Eno,Joleen.Eno@yopmail.com,Joleen.Eno@gmail.com,police officer
719,Perry,Schonfeld,Perry.Schonfeld@yopmail.com,Perry.Schonfeld@gmail.com,firefighter
720,Nariko,Susannah,Nariko.Susannah@yopmail.com,Nariko.Susannah@gmail.com,developer
721,Adele,Thornburg,Adele.Thornburg@yopmail.com,Adele.Thornburg@gmail.com,firefighter
722,Stacey,Odysseus,Stacey.Odysseus@yopmail.com,Stacey.Odysseus@gmail.com,firefighter
723,Moyna,Juan,Moyna.Juan@yopmail.com,Moyna.Juan@gmail.com,worker
724,Alleen,Japeth,Alleen.Japeth@yopmail.com,Alleen.Japeth@gmail.com,firefighter
725,Berget,Roxanna,Berget.Roxanna@yopmail.com,Berget.Roxanna@gmail.com,doctor
726,Emylee,Ivens,Emylee.Ivens@yopmail.com,Emylee.Ivens@gmail.com,developer
727,Tiffie,Tjon,Tiffie.Tjon@yopmail.com,Tiffie.Tjon@gmail.com,developer
728,Magdalena,Cath,Magdalena.Cath@yopmail.com,Magdalena.Cath@gmail.com,doctor
729,Jacenta,Stoller,Jacenta.Stoller@yopmail.com,Jacenta.Stoller@gmail.com,doctor
730,Belva,Maiah,Belva.Maiah@yopmail.com,Belva.Maiah@gmail.com,developer
731,Rosabelle,Dex,Rosabelle.Dex@yopmail.com,Rosabelle.Dex@gmail.com,worker
732,Rozele,Devlen,Rozele.Devlen@yopmail.com,Rozele.Devlen@gmail.com,police officer
733,Fanchon,Vittoria,Fanchon.Vittoria@yopmail.com,Fanchon.Vittoria@gmail.com,worker
734,Lory,Berard,Lory.Berard@yopmail.com,Lory.Berard@gmail.com,worker
735,Audrie,Tacye,Audrie.Tacye@yopmail.com,Audrie.Tacye@gmail.com,worker
736,Nessie,Uird,Nessie.Uird@yopmail.com,Nessie.Uird@gmail.com,worker
737,Annabela,Lilybelle,Annabela.Lilybelle@yopmail.com,Annabela.Lilybelle@gmail.com,developer
738,Melina,Leffen,Melina.Leffen@yopmail.com,Melina.Leffen@gmail.com,firefighter
739,Morganica,Narton,Morganica.Narton@yopmail.com,Morganica.Narton@gmail.com,firefighter
740,Laurene,Fax,Laurene.Fax@yopmail.com,Laurene.Fax@gmail.com,developer
741,Candi,Bollay,Candi.Bollay@yopmail.com,Candi.Bollay@gmail.com,firefighter
742,Consuela,Aprile,Consuela.Aprile@yopmail.com,Consuela.Aprile@gmail.com,police officer
743,Meghann,Goerke,Meghann.Goerke@yopmail.com,Meghann.Goerke@gmail.com,police officer
744,Kittie,Bennie,Kittie.Bennie@yopmail.com,Kittie.Bennie@gmail.com,police officer
745,Kristan,Schalles,Kristan.Schalles@yopmail.com,Kristan.Schalles@gmail.com,worker
746,Lilith,Havens,Lilith.Havens@yopmail.com,Lilith.Havens@gmail.com,doctor
747,Aubrie,Afton,Aubrie.Afton@yopmail.com,Aubrie.Afton@gmail.com,worker
748,Briney,Mitzi,Briney.Mitzi@yopmail.com,Briney.Mitzi@gmail.com,doctor
749,Lisette,Margarete,Lisette.Margarete@yopmail.com,Lisette.Margarete@gmail.com,firefighter
750,Mariann,Fennessy,Mariann.Fennessy@yopmail.com,Mariann.Fennessy@gmail.com,police officer
751,Bibby,Sancho,Bibby.Sancho@yopmail.com,Bibby.Sancho@gmail.com,developer
752,Ardys,Brodench,Ardys.Brodench@yopmail.com,Ardys.Brodench@gmail.com,developer
753,Jordan,Maroney,Jordan.Maroney@yopmail.com,Jordan.Maroney@gmail.com,firefighter
754,Courtnay,Helve,Courtnay.Helve@yopmail.com,Courtnay.Helve@gmail.com,worker
755,Siana,Anestassia,Siana.Anestassia@yopmail.com,Siana.Anestassia@gmail.com,worker
756,Kittie,Cutlerr,Kittie.Cutlerr@yopmail.com,Kittie.Cutlerr@gmail.com,worker
757,Thalia,Jammal,Thalia.Jammal@yopmail.com,Thalia.Jammal@gmail.com,doctor
758,Nita,Hepsibah,Nita.Hepsibah@yopmail.com,Nita.Hepsibah@gmail.com,police officer
759,Rani,Malvino,Rani.Malvino@yopmail.com,Rani.Malvino@gmail.com,doctor
760,Vonny,Palocz,Vonny.Palocz@yopmail.com,Vonny.Palocz@gmail.com,police officer
761,Marcelline,Leffen,Marcelline.Leffen@yopmail.com,Marcelline.Leffen@gmail.com,developer
762,Dominga,Flyn,Dominga.Flyn@yopmail.com,Dominga.Flyn@gmail.com,police officer
763,Georgina,Bergman,Georgina.Bergman@yopmail.com,Georgina.Bergman@gmail.com,firefighter
764,Willetta,Mauer,Willetta.Mauer@yopmail.com,Willetta.Mauer@gmail.com,worker
765,Alyda,Iphlgenia,Alyda.Iphlgenia@yopmail.com,Alyda.Iphlgenia@gmail.com,police officer
766,Nannie,Olin,Nannie.Olin@yopmail.com,Nannie.Olin@gmail.com,firefighter
767,Sherrie,Kristi,Sherrie.Kristi@yopmail.com,Sherrie.Kristi@gmail.com,worker
768,Daphne,Allys,Daphne.Allys@yopmail.com,Daphne.Allys@gmail.com,police officer
769,Paulita,Melleta,Paulita.Melleta@yopmail.com,Paulita.Melleta@gmail.com,police officer
770,Tori,Toor,Tori.Toor@yopmail.com,Tori.Toor@gmail.com,firefighter
771,Tilly,Fax,Tilly.Fax@yopmail.com,Tilly.Fax@gmail.com,police officer
772,Philis,Hull,Philis.Hull@yopmail.com,Philis.Hull@gmail.com,worker
773,Marguerite,Cohdwell,Marguerite.Cohdwell@yopmail.com,Marguerite.Cohdwell@gmail.com,firefighter
774,Michaelina,Gaspard,Michaelina.Gaspard@yopmail.com,Michaelina.Gaspard@gmail.com,worker
775,Gerrie,Goldina,Gerrie.Goldina@yopmail.com,Gerrie.Goldina@gmail.com,worker
776,Lily,Gladstone,Lily.Gladstone@yopmail.com,Lily.Gladstone@gmail.com,doctor
777,Keelia,Luhe,Keelia.Luhe@yopmail.com,Keelia.Luhe@gmail.com,doctor
778,Emmey,Mayeda,Emmey.Mayeda@yopmail.com,Emmey.Mayeda@gmail.com,worker
779,Luci,Bari,Luci.Bari@yopmail.com,Luci.Bari@gmail.com,worker
780,Brandise,Breed,Brandise.Breed@yopmail.com,Brandise.Breed@gmail.com,firefighter
781,Georgetta,Ball,Georgetta.Ball@yopmail.com,Georgetta.Ball@gmail.com,developer
782,Jeanna,Vilma,Jeanna.Vilma@yopmail.com,Jeanna.Vilma@gmail.com,firefighter
783,Consuela,Seligman,Consuela.Seligman@yopmail.com,Consuela.Seligman@gmail.com,police officer
784,Chickie,Norvol,Chickie.Norvol@yopmail.com,Chickie.Norvol@gmail.com,developer
785,Christy,Reinke,Christy.Reinke@yopmail.com,Christy.Reinke@gmail.com,worker
786,Phylis,Alcott,Phylis.Alcott@yopmail.com,Phylis.Alcott@gmail.com,police officer
787,Averyl,Vale,Averyl.Vale@yopmail.com,Averyl.Vale@gmail.com,police officer
788,Gale,Shaddock,Gale.Shaddock@yopmail.com,Gale.Shaddock@gmail.com,developer
789,Lexine,Grobe,Lexine.Grobe@yopmail.com,Lexine.Grobe@gmail.com,police officer
790,Britni,Korey,Britni.Korey@yopmail.com,Britni.Korey@gmail.com,police officer
791,Mara,Cordi,Mara.Cordi@yopmail.com,Mara.Cordi@gmail.com,doctor
792,Andree,Desai,Andree.Desai@yopmail.com,Andree.Desai@gmail.com,developer
793,Almeta,Taam,Almeta.Taam@yopmail.com,Almeta.Taam@gmail.com,developer
794,Tracey,Neva,Tracey.Neva@yopmail.com,Tracey.Neva@gmail.com,doctor
795,Katleen,Wenda,Katleen.Wenda@yopmail.com,Katleen.Wenda@gmail.com,worker
796,Amara,Tyson,Amara.Tyson@yopmail.com,Amara.Tyson@gmail.com,developer
797,Vere,Lutero,Vere.Lutero@yopmail.com,Vere.Lutero@gmail.com,developer
798,Brietta,Lunsford,Brietta.Lunsford@yopmail.com,Brietta.Lunsford@gmail.com,doctor
799,Siana,Charity,Siana.Charity@yopmail.com,Siana.Charity@gmail.com,police officer
800,Jemie,Rogerio,Jemie.Rogerio@yopmail.com,Jemie.Rogerio@gmail.com,worker
801,Belinda,Lauraine,Belinda.Lauraine@yopmail.com,Belinda.Lauraine@gmail.com,police officer
802,Andree,Viddah,Andree.Viddah@yopmail.com,Andree.Viddah@gmail.com,police officer
803,Libbie,Armanda,Libbie.Armanda@yopmail.com,Libbie.Armanda@gmail.com,doctor
804,Fanny,Jethro,Fanny.Jethro@yopmail.com,Fanny.Jethro@gmail.com,worker
805,Maud,Desai,Maud.Desai@yopmail.com,Maud.Desai@gmail.com,doctor
806,Gusella,Modie,Gusella.Modie@yopmail.com,Gusella.Modie@gmail.com,developer
807,Christy,Stefa,Christy.Stefa@yopmail.com,Christy.Stefa@gmail.com,firefighter
808,Natka,Salvidor,Natka.Salvidor@yopmail.com,Natka.Salvidor@gmail.com,developer
809,Amii,Rosalba,Amii.Rosalba@yopmail.com,Amii.Rosalba@gmail.com,doctor
810,Ayn,Maples,Ayn.Maples@yopmail.com,Ayn.Maples@gmail.com,doctor
811,Damaris,Fosque,Damaris.Fosque@yopmail.com,Damaris.Fosque@gmail.com,doctor
812,Maye,Khorma,Maye.Khorma@yopmail.com,Maye.Khorma@gmail.com,police officer
813,Winifred,Larochelle,Winifred.Larochelle@yopmail.com,Winifred.Larochelle@gmail.com,developer
814,Ayn,Elo,Ayn.Elo@yopmail.com,Ayn.Elo@gmail.com,police officer
815,Carolina,Nerita,Carolina.Nerita@yopmail.com,Carolina.Nerita@gmail.com,developer
816,Justinn,Darbie,Justinn.Darbie@yopmail.com,Justinn.Darbie@gmail.com,developer
817,Dianemarie,Soneson,Dianemarie.Soneson@yopmail.com,Dianemarie.Soneson@gmail.com,doctor
818,Patricia,Gale,Patricia.Gale@yopmail.com,Patricia.Gale@gmail.com,developer
819,Selma,Vittoria,Selma.Vittoria@yopmail.com,Selma.Vittoria@gmail.com,police officer
820,Iseabal,Fleeta,Iseabal.Fleeta@yopmail.com,Iseabal.Fleeta@gmail.com,worker
821,Kamilah,Bertold,Kamilah.Bertold@yopmail.com,Kamilah.Bertold@gmail.com,firefighter
822,Lolita,Zaslow,Lolita.Zaslow@yopmail.com,Lolita.Zaslow@gmail.com,police officer
823,Lisette,Hoban,Lisette.Hoban@yopmail.com,Lisette.Hoban@gmail.com,worker
824,Pamella,Torray,Pamella.Torray@yopmail.com,Pamella.Torray@gmail.com,worker
825,Roslyn,Adrienne,Roslyn.Adrienne@yopmail.com,Roslyn.Adrienne@gmail.com,developer
826,Neila,Shields,Neila.Shields@yopmail.com,Neila.Shields@gmail.com,firefighter
827,Albertina,Kirbee,Albertina.Kirbee@yopmail.com,Albertina.Kirbee@gmail.com,police officer
828,Libbie,Maurine,Libbie.Maurine@yopmail.com,Libbie.Maurine@gmail.com,doctor
829,Maridel,Mata,Maridel.Mata@yopmail.com,Maridel.Mata@gmail.com,doctor
830,Dacia,Dorothy,Dacia.Dorothy@yopmail.com,Dacia.Dorothy@gmail.com,police officer
831,Marti,Kat,Marti.Kat@yopmail.com,Marti.Kat@gmail.com,developer
832,Beverley,Papageno,Beverley.Papageno@yopmail.com,Beverley.Papageno@gmail.com,worker
833,Georgina,Leler,Georgina.Leler@yopmail.com,Georgina.Leler@gmail.com,developer
834,Nonnah,Holbrook,Nonnah.Holbrook@yopmail.com,Nonnah.Holbrook@gmail.com,firefighter
835,Roseline,Ader,Roseline.Ader@yopmail.com,Roseline.Ader@gmail.com,developer
836,Binny,Fosque,Binny.Fosque@yopmail.com,Binny.Fosque@gmail.com,police officer
837,Elka,Bollay,Elka.Bollay@yopmail.com,Elka.Bollay@gmail.com,developer
838,Berta,McGrody,Berta.McGrody@yopmail.com,Berta.McGrody@gmail.com,police officer
839,Maridel,Freddi,Maridel.Freddi@yopmail.com,Maridel.Freddi@gmail.com,doctor
840,Dominga,Natalia,Dominga.Natalia@yopmail.com,Dominga.Natalia@gmail.com,doctor
841,Lita,Pandolfi,Lita.Pandolfi@yopmail.com,Lita.Pandolfi@gmail.com,worker
842,Shaylyn,Erminia,Shaylyn.Erminia@yopmail.com,Shaylyn.Erminia@gmail.com,developer
843,Cordi,Maryanne,Cordi.Maryanne@yopmail.com,Cordi.Maryanne@gmail.com,firefighter
844,Collen,Loeb,Collen.Loeb@yopmail.com,Collen.Loeb@gmail.com,police officer
845,Alameda,Macey,Alameda.Macey@yopmail.com,Alameda.Macey@gmail.com,worker
846,Moyna,Bennie,Moyna.Bennie@yopmail.com,Moyna.Bennie@gmail.com,firefighter
847,Ardenia,Riordan,Ardenia.Riordan@yopmail.com,Ardenia.Riordan@gmail.com,developer
848,Krystle,Chrystel,Krystle.Chrystel@yopmail.com,Krystle.Chrystel@gmail.com,developer
849,Candy,Vernier,Candy.Vernier@yopmail.com,Candy.Vernier@gmail.com,firefighter
850,Lilith,Gert,Lilith.Gert@yopmail.com,Lilith.Gert@gmail.com,police officer
851,Susan,Alisia,Susan.Alisia@yopmail.com,Susan.Alisia@gmail.com,police officer
852,Carree,Jobi,Carree.Jobi@yopmail.com,Carree.Jobi@gmail.com,doctor
853,Ruthe,Koziara,Ruthe.Koziara@yopmail.com,Ruthe.Koziara@gmail.com,firefighter
854,Jean,Zenas,Jean.Zenas@yopmail.com,Jean.Zenas@gmail.com,developer
855,Cissiee,Brittani,Cissiee.Brittani@yopmail.com,Cissiee.Brittani@gmail.com,police officer
856,Eadie,Pip,Eadie.Pip@yopmail.com,Eadie.Pip@gmail.com,police officer
857,Marita,Melony,Marita.Melony@yopmail.com,Marita.Melony@gmail.com,firefighter
858,Peri,Seumas,Peri.Seumas@yopmail.com,Peri.Seumas@gmail.com,doctor
859,Florie,Corrine,Florie.Corrine@yopmail.com,Florie.Corrine@gmail.com,firefighter
860,Vita,Imelida,Vita.Imelida@yopmail.com,Vita.Imelida@gmail.com,developer
861,Merle,Riva,Merle.Riva@yopmail.com,Merle.Riva@gmail.com,firefighter
862,Pearline,Hutchison,Pearline.Hutchison@yopmail.com,Pearline.Hutchison@gmail.com,firefighter
863,Natka,Cressida,Natka.Cressida@yopmail.com,Natka.Cressida@gmail.com,worker
864,Harrietta,Koziara,Harrietta.Koziara@yopmail.com,Harrietta.Koziara@gmail.com,doctor
865,Vevay,Valoniah,Vevay.Valoniah@yopmail.com,Vevay.Valoniah@gmail.com,police officer
866,Katharina,Brian,Katharina.Brian@yopmail.com,Katharina.Brian@gmail.com,worker
867,Rubie,Odell,Rubie.Odell@yopmail.com,Rubie.Odell@gmail.com,doctor
868,Ulrike,Sheedy,Ulrike.Sheedy@yopmail.com,Ulrike.Sheedy@gmail.com,firefighter
869,Chastity,Concha,Chastity.Concha@yopmail.com,Chastity.Concha@gmail.com,developer
870,Aurelie,Diann,Aurelie.Diann@yopmail.com,Aurelie.Diann@gmail.com,developer
871,Tamqrah,Fleeta,Tamqrah.Fleeta@yopmail.com,Tamqrah.Fleeta@gmail.com,police officer
872,Mady,Bury,Mady.Bury@yopmail.com,Mady.Bury@gmail.com,doctor
873,Nananne,Georas,Nananne.Georas@yopmail.com,Nananne.Georas@gmail.com,doctor
874,Leontine,Lenny,Leontine.Lenny@yopmail.com,Leontine.Lenny@gmail.com,police officer
875,Elise,Georas,Elise.Georas@yopmail.com,Elise.Georas@gmail.com,worker
876,Quintina,Lorain,Quintina.Lorain@yopmail.com,Quintina.Lorain@gmail.com,doctor
877,Heddie,Jotham,Heddie.Jotham@yopmail.com,Heddie.Jotham@gmail.com,doctor
878,Jacquetta,Etom,Jacquetta.Etom@yopmail.com,Jacquetta.Etom@gmail.com,developer
879,Cam,Federica,Cam.Federica@yopmail.com,Cam.Federica@gmail.com,police officer
880,Gianina,Camden,Gianina.Camden@yopmail.com,Gianina.Camden@gmail.com,doctor
881,Sherrie,Goldina,Sherrie.Goldina@yopmail.com,Sherrie.Goldina@gmail.com,worker
882,Louella,Hathaway,Louella.Hathaway@yopmail.com,Louella.Hathaway@gmail.com,doctor
883,Arlina,Cottle,Arlina.Cottle@yopmail.com,Arlina.Cottle@gmail.com,doctor
884,Gerrie,Anderea,Gerrie.Anderea@yopmail.com,Gerrie.Anderea@gmail.com,police officer
885,Ebonee,Jarib,Ebonee.Jarib@yopmail.com,Ebonee.Jarib@gmail.com,firefighter
886,Daryl,Vittoria,Daryl.Vittoria@yopmail.com,Daryl.Vittoria@gmail.com,firefighter
887,Jordan,Hoban,Jordan.Hoban@yopmail.com,Jordan.Hoban@gmail.com,developer
888,Dode,Krystle,Dode.Krystle@yopmail.com,Dode.Krystle@gmail.com,firefighter
889,Judy,Glovsky,Judy.Glovsky@yopmail.com,Judy.Glovsky@gmail.com,police officer
890,Stephanie,Konyn,Stephanie.Konyn@yopmail.com,Stephanie.Konyn@gmail.com,doctor
891,Cordi,Marijo,Cordi.Marijo@yopmail.com,Cordi.Marijo@gmail.com,firefighter
892,Hollie,Bonucci,Hollie.Bonucci@yopmail.com,Hollie.Bonucci@gmail.com,worker
893,Chandra,Ulphia,Chandra.Ulphia@yopmail.com,Chandra.Ulphia@gmail.com,developer
894,Cathyleen,Evvie,Cathyleen.Evvie@yopmail.com,Cathyleen.Evvie@gmail.com,police officer
895,Paulita,Carlson,Paulita.Carlson@yopmail.com,Paulita.Carlson@gmail.com,firefighter
896,Clarice,Zina,Clarice.Zina@yopmail.com,Clarice.Zina@gmail.com,doctor
897,Dania,Hachmin,Dania.Hachmin@yopmail.com,Dania.Hachmin@gmail.com,worker
898,Stevana,Azeria,Stevana.Azeria@yopmail.com,Stevana.Azeria@gmail.com,worker
899,Ketti,Caitlin,Ketti.Caitlin@yopmail.com,Ketti.Caitlin@gmail.com,police officer
900,Aili,Hillel,Aili.Hillel@yopmail.com,Aili.Hillel@gmail.com,police officer
901,Gloria,Fax,Gloria.Fax@yopmail.com,Gloria.Fax@gmail.com,firefighter
902,Grier,Alrich,Grier.Alrich@yopmail.com,Grier.Alrich@gmail.com,doctor
903,Ashlee,Merell,Ashlee.Merell@yopmail.com,Ashlee.Merell@gmail.com,worker
904,Nelle,Macey,Nelle.Macey@yopmail.com,Nelle.Macey@gmail.com,worker
905,Gaylene,Morrill,Gaylene.Morrill@yopmail.com,Gaylene.Morrill@gmail.com,developer
906,Marcelline,Ferrell,Marcelline.Ferrell@yopmail.com,Marcelline.Ferrell@gmail.com,worker
907,Katuscha,Michella,Katuscha.Michella@yopmail.com,Katuscha.Michella@gmail.com,firefighter
908,Jasmina,Ariella,Jasmina.Ariella@yopmail.com,Jasmina.Ariella@gmail.com,doctor
909,Shandie,Magdalen,Shandie.Magdalen@yopmail.com,Shandie.Magdalen@gmail.com,firefighter
910,Miquela,Natalia,Miquela.Natalia@yopmail.com,Miquela.Natalia@gmail.com,firefighter
911,Hallie,Dearborn,Hallie.Dearborn@yopmail.com,Hallie.Dearborn@gmail.com,developer
912,Audrie,Gavrila,Audrie.Gavrila@yopmail.com,Audrie.Gavrila@gmail.com,firefighter
913,Corry,Zenas,Corry.Zenas@yopmail.com,Corry.Zenas@gmail.com,doctor
914,Danny,Dorine,Danny.Dorine@yopmail.com,Danny.Dorine@gmail.com,firefighter
915,Averyl,Jobi,Averyl.Jobi@yopmail.com,Averyl.Jobi@gmail.com,police officer
916,Genovera,Toffic,Genovera.Toffic@yopmail.com,Genovera.Toffic@gmail.com,doctor
917,Taffy,Ietta,Taffy.Ietta@yopmail.com,Taffy.Ietta@gmail.com,doctor
918,Nikki,Carlson,Nikki.Carlson@yopmail.com,Nikki.Carlson@gmail.com,firefighter
919,Jennica,Bandeen,Jennica.Bandeen@yopmail.com,Jennica.Bandeen@gmail.com,doctor
920,Carol-Jean,Zuzana,Carol-Jean.Zuzana@yopmail.com,Carol-Jean.Zuzana@gmail.com,police officer
921,Betta,Dyche,Betta.Dyche@yopmail.com,Betta.Dyche@gmail.com,firefighter
922,Neila,Dom,Neila.Dom@yopmail.com,Neila.Dom@gmail.com,doctor
923,Amii,Kauppi,Amii.Kauppi@yopmail.com,Amii.Kauppi@gmail.com,worker
924,Tera,Franza,Tera.Franza@yopmail.com,Tera.Franza@gmail.com,police officer
925,Demetris,Muriel,Demetris.Muriel@yopmail.com,Demetris.Muriel@gmail.com,worker
926,Gusty,Tiffa,Gusty.Tiffa@yopmail.com,Gusty.Tiffa@gmail.com,worker
927,Elka,Emerson,Elka.Emerson@yopmail.com,Elka.Emerson@gmail.com,developer
928,Glenda,Longfellow,Glenda.Longfellow@yopmail.com,Glenda.Longfellow@gmail.com,worker
929,Mady,Damarra,Mady.Damarra@yopmail.com,Mady.Damarra@gmail.com,police officer
930,Mamie,Center,Mamie.Center@yopmail.com,Mamie.Center@gmail.com,police officer
931,Aryn,Brieta,Aryn.Brieta@yopmail.com,Aryn.Brieta@gmail.com,worker
932,Andree,Lucienne,Andree.Lucienne@yopmail.com,Andree.Lucienne@gmail.com,doctor
933,Therine,Thad,Therine.Thad@yopmail.com,Therine.Thad@gmail.com,doctor
934,Noelle,Melleta,Noelle.Melleta@yopmail.com,Noelle.Melleta@gmail.com,doctor
935,Jenilee,Brittani,Jenilee.Brittani@yopmail.com,Jenilee.Brittani@gmail.com,firefighter
936,Gisela,Loleta,Gisela.Loleta@yopmail.com,Gisela.Loleta@gmail.com,police officer
937,Brynna,Randene,Brynna.Randene@yopmail.com,Brynna.Randene@gmail.com,police officer
938,Angela,Jerald,Angela.Jerald@yopmail.com,Angela.Jerald@gmail.com,worker
939,Brianna,Burch,Brianna.Burch@yopmail.com,Brianna.Burch@gmail.com,worker
940,Lynde,Ventre,Lynde.Ventre@yopmail.com,Lynde.Ventre@gmail.com,police officer
941,Lelah,Dannye,Lelah.Dannye@yopmail.com,Lelah.Dannye@gmail.com,worker
942,Sashenka,Septima,Sashenka.Septima@yopmail.com,Sashenka.Septima@gmail.com,doctor
943,Nadine,Dorothy,Nadine.Dorothy@yopmail.com,Nadine.Dorothy@gmail.com,developer
944,Kelly,Autrey,Kelly.Autrey@yopmail.com,Kelly.Autrey@gmail.com,firefighter
945,Gui,Karylin,Gui.Karylin@yopmail.com,Gui.Karylin@gmail.com,doctor
946,Teddie,Jagir,Teddie.Jagir@yopmail.com,Teddie.Jagir@gmail.com,doctor
947,Damaris,Ambrosia,Damaris.Ambrosia@yopmail.com,Damaris.Ambrosia@gmail.com,firefighter
948,Robinia,Grobe,Robinia.Grobe@yopmail.com,Robinia.Grobe@gmail.com,developer
949,Teddie,Miru,Teddie.Miru@yopmail.com,Teddie.Miru@gmail.com,firefighter
950,Orsola,Dorine,Orsola.Dorine@yopmail.com,Orsola.Dorine@gmail.com,worker
951,Wendi,Carleen,Wendi.Carleen@yopmail.com,Wendi.Carleen@gmail.com,police officer
952,Vivia,Rugen,Vivia.Rugen@yopmail.com,Vivia.Rugen@gmail.com,police officer
953,Hallie,Kronfeld,Hallie.Kronfeld@yopmail.com,Hallie.Kronfeld@gmail.com,police officer
954,Nollie,Wallis,Nollie.Wallis@yopmail.com,Nollie.Wallis@gmail.com,firefighter
955,Tamqrah,Jorgan,Tamqrah.Jorgan@yopmail.com,Tamqrah.Jorgan@gmail.com,doctor
956,Moyna,Fontana,Moyna.Fontana@yopmail.com,Moyna.Fontana@gmail.com,police officer
957,Odessa,Manolo,Odessa.Manolo@yopmail.com,Odessa.Manolo@gmail.com,police officer
958,Queenie,Cookie,Queenie.Cookie@yopmail.com,Queenie.Cookie@gmail.com,worker
959,Eugine,Dermott,Eugine.Dermott@yopmail.com,Eugine.Dermott@gmail.com,police officer
960,Benita,Yerkovich,Benita.Yerkovich@yopmail.com,Benita.Yerkovich@gmail.com,developer
961,Rani,Noman,Rani.Noman@yopmail.com,Rani.Noman@gmail.com,police officer
962,Fredericka,Skurnik,Fredericka.Skurnik@yopmail.com,Fredericka.Skurnik@gmail.com,developer
963,Ginnie,Himelman,Ginnie.Himelman@yopmail.com,Ginnie.Himelman@gmail.com,police officer
964,Marline,Travax,Marline.Travax@yopmail.com,Marline.Travax@gmail.com,firefighter
965,Lorne,Markman,Lorne.Markman@yopmail.com,Lorne.Markman@gmail.com,developer
966,Sissy,Stoller,Sissy.Stoller@yopmail.com,Sissy.Stoller@gmail.com,firefighter
967,Konstance,Raul,Konstance.Raul@yopmail.com,Konstance.Raul@gmail.com,worker
968,Jinny,Colp,Jinny.Colp@yopmail.com,Jinny.Colp@gmail.com,developer
969,Keelia,Rolf,Keelia.Rolf@yopmail.com,Keelia.Rolf@gmail.com,firefighter
970,Winifred,Sharl,Winifred.Sharl@yopmail.com,Winifred.Sharl@gmail.com,firefighter
971,Barbi,Lorain,Barbi.Lorain@yopmail.com,Barbi.Lorain@gmail.com,police officer
972,Clarice,Schwejda,Clarice.Schwejda@yopmail.com,Clarice.Schwejda@gmail.com,police officer
973,Concettina,Pattin,Concettina.Pattin@yopmail.com,Concettina.Pattin@gmail.com,police officer
974,Nadine,Serilda,Nadine.Serilda@yopmail.com,Nadine.Serilda@gmail.com,developer
975,Tamqrah,Si,Tamqrah.Si@yopmail.com,Tamqrah.Si@gmail.com,firefighter
976,Amelia,Vorster,Amelia.Vorster@yopmail.com,Amelia.Vorster@gmail.com,police officer
977,Ethel,Fontana,Ethel.Fontana@yopmail.com,Ethel.Fontana@gmail.com,developer
978,Sean,Federica,Sean.Federica@yopmail.com,Sean.Federica@gmail.com,doctor
979,Amelia,Taima,Amelia.Taima@yopmail.com,Amelia.Taima@gmail.com,developer
980,Shaine,Fleeta,Shaine.Fleeta@yopmail.com,Shaine.Fleeta@gmail.com,doctor
981,Lindie,Girardo,Lindie.Girardo@yopmail.com,Lindie.Girardo@gmail.com,doctor
982,Maye,Carri,Maye.Carri@yopmail.com,Maye.Carri@gmail.com,firefighter
983,Oona,Darrell,Oona.Darrell@yopmail.com,Oona.Darrell@gmail.com,worker
984,Teriann,Schonfeld,Teriann.Schonfeld@yopmail.com,Teriann.Schonfeld@gmail.com,developer
985,Glynnis,Myrilla,Glynnis.Myrilla@yopmail.com,Glynnis.Myrilla@gmail.com,developer
986,Rani,Sigfrid,Rani.Sigfrid@yopmail.com,Rani.Sigfrid@gmail.com,firefighter
987,Ebonee,Ventre,Ebonee.Ventre@yopmail.com,Ebonee.Ventre@gmail.com,developer
988,Joleen,Thunell,Joleen.Thunell@yopmail.com,Joleen.Thunell@gmail.com,doctor
989,Beverley,Girardo,Beverley.Girardo@yopmail.com,Beverley.Girardo@gmail.com,worker
990,Natka,Lytton,Natka.Lytton@yopmail.com,Natka.Lytton@gmail.com,developer
991,Sheree,Loleta,Sheree.Loleta@yopmail.com,Sheree.Loleta@gmail.com,doctor
992,Fina,Gerge,Fina.Gerge@yopmail.com,Fina.Gerge@gmail.com,worker
993,Caritta,Diann,Caritta.Diann@yopmail.com,Caritta.Diann@gmail.com,doctor
994,Anestassia,Karl,Anestassia.Karl@yopmail.com,Anestassia.Karl@gmail.com,firefighter
995,Lizzie,Secrest,Lizzie.Secrest@yopmail.com,Lizzie.Secrest@gmail.com,police officer
996,Adore,Jeanne,Adore.Jeanne@yopmail.com,Adore.Jeanne@gmail.com,developer
997,Imojean,Knowling,Imojean.Knowling@yopmail.com,Imojean.Knowling@gmail.com,firefighter
998,Latisha,Publia,Latisha.Publia@yopmail.com,Latisha.Publia@gmail.com,firefighter
999,Judy,Hewitt,Judy.Hewitt@yopmail.com,Judy.Hewitt@gmail.com,worker
1000,Karolina,Kare,Karolina.Kare@yopmail.com,Karolina.Kare@gmail.com,developer
1001,Asia,Magdalen,Asia.Magdalen@yopmail.com,Asia.Magdalen@gmail.com,doctor
1002,Kalina,Muriel,Kalina.Muriel@yopmail.com,Kalina.Muriel@gmail.com,firefighter
1003,Janeczka,Clywd,Janeczka.Clywd@yopmail.com,Janeczka.Clywd@gmail.com,firefighter
1004,Danny,Lumbard,Danny.Lumbard@yopmail.com,Danny.Lumbard@gmail.com,worker
1005,Clary,Papageno,Clary.Papageno@yopmail.com,Clary.Papageno@gmail.com,developer
1006,Sashenka,Ogren,Sashenka.Ogren@yopmail.com,Sashenka.Ogren@gmail.com,doctor
1007,Ermengarde,Vanni,Ermengarde.Vanni@yopmail.com,Ermengarde.Vanni@gmail.com,worker
1008,Carolina,Faso,Carolina.Faso@yopmail.com,Carolina.Faso@gmail.com,worker
1009,Janenna,Bury,Janenna.Bury@yopmail.com,Janenna.Bury@gmail.com,firefighter
1010,Tybie,Eugenia,Tybie.Eugenia@yopmail.com,Tybie.Eugenia@gmail.com,firefighter
1011,Mady,Eliathas,Mady.Eliathas@yopmail.com,Mady.Eliathas@gmail.com,doctor
1012,Alexine,Angelis,Alexine.Angelis@yopmail.com,Alexine.Angelis@gmail.com,police officer
1013,Gilligan,Hilbert,Gilligan.Hilbert@yopmail.com,Gilligan.Hilbert@gmail.com,firefighter
1014,Mildrid,Tiffa,Mildrid.Tiffa@yopmail.com,Mildrid.Tiffa@gmail.com,firefighter
1015,Lexine,Donell,Lexine.Donell@yopmail.com,Lexine.Donell@gmail.com,developer
1016,Viki,Merna,Viki.Merna@yopmail.com,Viki.Merna@gmail.com,worker
1017,Cacilie,Fink,Cacilie.Fink@yopmail.com,Cacilie.Fink@gmail.com,worker
1018,Dacia,Telfer,Dacia.Telfer@yopmail.com,Dacia.Telfer@gmail.com,developer
1019,Janenna,Grobe,Janenna.Grobe@yopmail.com,Janenna.Grobe@gmail.com,police officer
1020,Brooks,Shelba,Brooks.Shelba@yopmail.com,Brooks.Shelba@gmail.com,firefighter
1021,June,Pacorro,June.Pacorro@yopmail.com,June.Pacorro@gmail.com,firefighter
1022,Leona,O'Neill,Leona.O'Neill@yopmail.com,Leona.O'Neill@gmail.com,developer
1023,Blondelle,Kiersten,Blondelle.Kiersten@yopmail.com,Blondelle.Kiersten@gmail.com,worker
1024,Clary,Judye,Clary.Judye@yopmail.com,Clary.Judye@gmail.com,developer
1025,Augustine,Joeann,Augustine.Joeann@yopmail.com,Augustine.Joeann@gmail.com,worker
1026,Tamqrah,Laverne,Tamqrah.Laverne@yopmail.com,Tamqrah.Laverne@gmail.com,developer
1027,Kathi,Soneson,Kathi.Soneson@yopmail.com,Kathi.Soneson@gmail.com,worker
1028,Ida,Wallis,Ida.Wallis@yopmail.com,Ida.Wallis@gmail.com,doctor
1029,Sheree,Aprile,Sheree.Aprile@yopmail.com,Sheree.Aprile@gmail.com,worker
1030,Beth,Oneida,Beth.Oneida@yopmail.com,Beth.Oneida@gmail.com,firefighter
1031,Mathilda,Kalinda,Mathilda.Kalinda@yopmail.com,Mathilda.Kalinda@gmail.com,police officer
1032,Emilia,Llovera,Emilia.Llovera@yopmail.com,Emilia.Llovera@gmail.com,developer
1033,Pearline,Sidonius,Pearline.Sidonius@yopmail.com,Pearline.Sidonius@gmail.com,police officer
1034,Gabi,Scammon,Gabi.Scammon@yopmail.com,Gabi.Scammon@gmail.com,doctor
1035,Gloria,Miru,Gloria.Miru@yopmail.com,Gloria.Miru@gmail.com,firefighter
1036,Sashenka,Silvan,Sashenka.Silvan@yopmail.com,Sashenka.Silvan@gmail.com,doctor
1037,Trixi,Allys,Trixi.Allys@yopmail.com,Trixi.Allys@gmail.com,developer
1038,Evaleen,Pond,Evaleen.Pond@yopmail.com,Evaleen.Pond@gmail.com,worker
1039,Jorry,Kare,Jorry.Kare@yopmail.com,Jorry.Kare@gmail.com,developer
1040,Deane,Docilla,Deane.Docilla@yopmail.com,Deane.Docilla@gmail.com,worker
1041,Ezmeralda,Chesna,Ezmeralda.Chesna@yopmail.com,Ezmeralda.Chesna@gmail.com,doctor
1042,Lila,Carleen,Lila.Carleen@yopmail.com,Lila.Carleen@gmail.com,doctor
1043,Robbi,Fiester,Robbi.Fiester@yopmail.com,Robbi.Fiester@gmail.com,doctor
1044,Alex,Amand,Alex.Amand@yopmail.com,Alex.Amand@gmail.com,doctor
1045,Maud,Posner,Maud.Posner@yopmail.com,Maud.Posner@gmail.com,firefighter
1046,Blake,Olin,Blake.Olin@yopmail.com,Blake.Olin@gmail.com,firefighter
1047,Myriam,Jerold,Myriam.Jerold@yopmail.com,Myriam.Jerold@gmail.com,developer
1048,Wanda,Cutlerr,Wanda.Cutlerr@yopmail.com,Wanda.Cutlerr@gmail.com,doctor
1049,Tiffie,Angelis,Tiffie.Angelis@yopmail.com,Tiffie.Angelis@gmail.com,worker
1050,Xylina,Boycey,Xylina.Boycey@yopmail.com,Xylina.Boycey@gmail.com,doctor
1051,Tybie,Leary,Tybie.Leary@yopmail.com,Tybie.Leary@gmail.com,developer
1052,Beth,Gahl,Beth.Gahl@yopmail.com,Beth.Gahl@gmail.com,doctor
1053,Alameda,Hoban,Alameda.Hoban@yopmail.com,Alameda.Hoban@gmail.com,firefighter
1054,Sallie,Pettiford,Sallie.Pettiford@yopmail.com,Sallie.Pettiford@gmail.com,police officer
1055,Kara-Lynn,Torray,Kara-Lynn.Torray@yopmail.com,Kara-Lynn.Torray@gmail.com,firefighter
1056,Olwen,Byrne,Olwen.Byrne@yopmail.com,Olwen.Byrne@gmail.com,doctor
1057,Harmonia,Bach,Harmonia.Bach@yopmail.com,Harmonia.Bach@gmail.com,developer
1058,Viki,Jefferey,Viki.Jefferey@yopmail.com,Viki.Jefferey@gmail.com,firefighter
1059,Ezmeralda,Elephus,Ezmeralda.Elephus@yopmail.com,Ezmeralda.Elephus@gmail.com,police officer
1060,Katharina,Jarib,Katharina.Jarib@yopmail.com,Katharina.Jarib@gmail.com,firefighter
1061,Amara,Rudolph,Amara.Rudolph@yopmail.com,Amara.Rudolph@gmail.com,doctor
1062,Amara,Iaverne,Amara.Iaverne@yopmail.com,Amara.Iaverne@gmail.com,doctor
1063,Edee,Brieta,Edee.Brieta@yopmail.com,Edee.Brieta@gmail.com,worker
1064,Almeta,Himelman,Almeta.Himelman@yopmail.com,Almeta.Himelman@gmail.com,firefighter
1065,Nananne,Rad,Nananne.Rad@yopmail.com,Nananne.Rad@gmail.com,developer
1066,Korrie,Harriman,Korrie.Harriman@yopmail.com,Korrie.Harriman@gmail.com,doctor
1067,Carilyn,Percy,Carilyn.Percy@yopmail.com,Carilyn.Percy@gmail.com,worker
1068,Jere,Maryanne,Jere.Maryanne@yopmail.com,Jere.Maryanne@gmail.com,developer
1069,Rosaline,Cynar,Rosaline.Cynar@yopmail.com,Rosaline.Cynar@gmail.com,worker
1070,Annabela,Halla,Annabela.Halla@yopmail.com,Annabela.Halla@gmail.com,worker
1071,Doro,Halsey,Doro.Halsey@yopmail.com,Doro.Halsey@gmail.com,developer
1072,Janey,Tybald,Janey.Tybald@yopmail.com,Janey.Tybald@gmail.com,doctor
1073,Rhoda,Scammon,Rhoda.Scammon@yopmail.com,Rhoda.Scammon@gmail.com,police officer
1074,Orelia,Roumell,Orelia.Roumell@yopmail.com,Orelia.Roumell@gmail.com,developer
1075,Jillayne,Ball,Jillayne.Ball@yopmail.com,Jillayne.Ball@gmail.com,police officer
1076,Christal,Niles,Christal.Niles@yopmail.com,Christal.Niles@gmail.com,firefighter
1077,Joceline,Roche,Joceline.Roche@yopmail.com,Joceline.Roche@gmail.com,worker
1078,Theodora,Gordon,Theodora.Gordon@yopmail.com,Theodora.Gordon@gmail.com,developer
1079,Corry,Suk,Corry.Suk@yopmail.com,Corry.Suk@gmail.com,developer
1080,Kenna,Brady,Kenna.Brady@yopmail.com,Kenna.Brady@gmail.com,worker
1081,Rhea,Mehalek,Rhea.Mehalek@yopmail.com,Rhea.Mehalek@gmail.com,firefighter
1082,Malina,Saunderson,Malina.Saunderson@yopmail.com,Malina.Saunderson@gmail.com,doctor
1083,Frances,Afton,Frances.Afton@yopmail.com,Frances.Afton@gmail.com,doctor
1084,Rosanne,Jaylene,Rosanne.Jaylene@yopmail.com,Rosanne.Jaylene@gmail.com,firefighter
1085,Hyacinthe,Mathilde,Hyacinthe.Mathilde@yopmail.com,Hyacinthe.Mathilde@gmail.com,developer
1086,Ira,Cutlerr,Ira.Cutlerr@yopmail.com,Ira.Cutlerr@gmail.com,police officer
1087,Minda,Wadell,Minda.Wadell@yopmail.com,Minda.Wadell@gmail.com,doctor
1088,Brianna,Lilas,Brianna.Lilas@yopmail.com,Brianna.Lilas@gmail.com,firefighter
1089,Liana,Cottle,Liana.Cottle@yopmail.com,Liana.Cottle@gmail.com,police officer
1090,Chickie,Middleton,Chickie.Middleton@yopmail.com,Chickie.Middleton@gmail.com,firefighter
1091,Bobinette,Tremayne,Bobinette.Tremayne@yopmail.com,Bobinette.Tremayne@gmail.com,firefighter
1092,Lenna,Wilona,Lenna.Wilona@yopmail.com,Lenna.Wilona@gmail.com,developer
1093,Gwyneth,Shaddock,Gwyneth.Shaddock@yopmail.com,Gwyneth.Shaddock@gmail.com,doctor
1094,Stephanie,Helve,Stephanie.Helve@yopmail.com,Stephanie.Helve@gmail.com,developer
1095,Kirstin,Lalitta,Kirstin.Lalitta@yopmail.com,Kirstin.Lalitta@gmail.com,developer
1096,Addia,Naashom,Addia.Naashom@yopmail.com,Addia.Naashom@gmail.com,developer
1097,Marnia,Sprage,Marnia.Sprage@yopmail.com,Marnia.Sprage@gmail.com,police officer
1098,Wilma,Vernier,Wilma.Vernier@yopmail.com,Wilma.Vernier@gmail.com,firefighter
1099,Mara,Calhoun,Mara.Calhoun@yopmail.com,Mara.Calhoun@gmail.com,firefighter